Direzione,Gennaio percentage di presenza,Gennaio percentage di assenza,Febbraio percentage di presenza,Febbraio percentage di assenza,Marzo percentage di presenza,Marzo percentage di assenza,Aprile percentage di presenza,Aprile percentage di assenza,Maggio percentage di presenza,Maggio percentage di assenza,Giugno percentage di presenza,Giugno percentage di assenza,Luglio percentage di presenza,Luglio percentage di assenza,Agosto percentage di presenza,Agosto percentage di assenza,Settembre percentage di presenza,Settembre percentage di assenza,Ottobre percentage di presenza,Ottobre percentage di assenza,Novembre percentage di presenza,Novembre percentage di assenza,Dicembre percentage di presenza,Dicembre percentage di assenza
Segretario Generale,79.5,20.4,86.5,13.5,88.1,11.8,83.6,16.3,81.3,18.6,77.1,22.9,74.0,25.9,31.3,68.6,83.6,16.3, , , , , , 
"Direzione Pianificazione Strategica e Politiche
Comunitarie",72.9,27.0,72.6,27.3,74.8,25.1,75.3,24.6,78.3,21.6,75.8,24.2,66.6,33.3,46.2,53.7,82.7,17.2, , , , , , 
Corpo Polizia Metropolitana,81.6,18.3,83.8,16.1,88.0,11.9,82.9,17.0,87.7,12.2,82.8,17.2,73.9,26.0,53.1,46.8,84.7,15.2, , , , , , 
Ufficio del Direttore Generale,90.1,9.8,91.4,8.5,85.0,14.9,83.4,16.5,83.7,16.2,85.7,14.3,80.5,19.4,48.7,51.2,87.9,12.0, , , , , , 
"Direzione Gare e Contratti dell'Ente, Espropri, SUA",73.2,26.7,78.1,21.8,82.5,17.4,79.5,20.4,83.0,16.9,75.7,24.3,67.4,32.5,43.7,56.2,81.7,18.2, , , , , , 
"Direzione Supporto Organi Istituzionali, Sindaco, Consiglio e Conf. Metr., AA. GG. Flussi Doc., Anticor., Trasp., Controlli + CdG.",80.5,19.4,82.1,17.8,81.0,18.9,81.4,18.5,82.3,17.6,77.5,22.5,71.7,28.2,46.6,53.3,81.2,18.7, , , , , , 
"Direzione Politiche del Personale, Pari
Opportunità, Qualità dei Servizi",71.1,28.8,77.5,22.5,83.9,16.0,76.0,23.9,83.1,16.8,72.6,27.4,71.7,28.2,44.6,55.3,82.2,17.7, , , , , , 
"Direzione Trattamento Giuridico, Economico e
Previdenziale",76.6,23.3,80.6,19.3,88.3,11.6,85.5,14.4,87.2,12.7,82.8,17.2,71.2,28.7,48.8,51.1,79.7,20.2, , , , , , 
Direzione Sistema Informativo Integrativo,85.3,14.6,83.1,16.8,89.0,10.9,89.4,10.5,87.1,12.8,83.3,16.7,63.0,36.9,57.0,42.9,87.7,12.2, , , , , , 
"Direzione Programmazione Finanziaria e
Bilancio",76.9,23.0,82.0,18.0,85.4,14.5,83.8,16.1,85.1,14.8,85.1,14.9,74.2,25.7,40.6,59.3,82.3,17.6, , , , , , 
"Direzione Contabilità, Economato, Tributi",76.3,23.6,77.7,22.2,86.9,13.0,83.9,16.0,83.3,16.6,79.9,20.1,71.2,28.7,49.2,50.7,80.0,19.9, , , , , , 
Direzione Partecipazioni e Controllo Analogo,73.4,26.5,67.5,32.5,65.9,34.0,79.8,20.1,74.2,25.757575757575758,74.6,25.4,65.1,34.8,30.3,69.6,68.4,31.5, , , , , , 
Direzione Legale,73.3,26.6,78.2,21.7,82.4,17.5,81.9,18.0,83.4,16.558441558441558,78.9,21.1,79.5,20.4,30.9,69.0,89.7,10.2, , , , , , 
Direzione Pianificazione dei Servizi e delle Reti di Trasporto,84.4,15.5,85.7,14.2,86.1,13.8,83.7,16.2,86.6,13.34214002642008,82.0,18.0,72.7,27.2,38.7,61.2,81.1,18.8, , , , , , 
"Direzione Amministrativa Patrimonio -
Provveditorato",86.1,13.8,84.6,15.3,88.7,11.2,85.7,14.2,89.9,10.022271714922049,83.8,16.2,79.8,20.1,46.4,53.5,88.1,11.8, , , , , , 
"Direzione Amministrativa Scuole e
Programmazione Scolastica",86.7,13.2,88.2,11.7,87.5,12.4,86.8,13.1,91.9,8.015768725361367,81.6,18.4,70.6,29.3,49.9,50.0,87.1,12.8, , , , , , 
Direzione Amministrativa Strade e Viabilità,81.5,18.4,81.8,18.1,85.4,14.5,82.6,17.3,82.4,17.52577319587629,76.1,23.9,74.5,25.4,47.4,52.5,80.6,19.3, , , , , , 
"Direzione Progettazione - Gestione Progetti
Speciali",78.0,22.0,76.2,23.7,86.9,13.0,86.0,13.9,90.7,9.288537549407115,83.6,16.4,77.4,22.5,35.5,64.4,87.0,12.9, , , , , , 
Direzione Gestione Tecnica del Patrimonio,81.5,18.4,84.3,15.6,84.5,15.4,81.0,18.9,85.1,14.848484848484848,84.8,15.2,69.3,30.6,49.6,50.3,89.4,10.52, , , , , , 
Direzione Gestione Tecnica Edilizia Scolastica,82.3,17.6,83.3,16.6,87.6,12.3,86.5,13.4,89.3,10.606060606060606,83.7,16.3,78.3,21.6,37.9,62.0,87.4,12.5, , , , , , 
Direzione Gestione Tecnica Strade e Viabilità,75.4,24.5,75.4,24.5,73.4,26.5,69.7,30.2,76.5,23.488372093023255,74.8,25.2,72.5,27.4,46.4,53.5,84.2,15.7, , , , , , 
Direzione Pianificazione Territoriale Urbanistica,84.2,15.7,85.6,14.3,89.0,10.9,84.3,15.6,92.6,7.3131955484896665,86.0,14.0,74.3,25.6,37.8,62.1,82.5,17.4, , , , , , 
"Direzione Ambiente, Sviluppo del Territorio,
Sanzioni",80.8,19.1,78.0,21.9,86.8,13.1,82.2,17.7,85.7,14.203612479474549,80.4,19.6,75.2,24.7,55.6,44.3,85.1,14.8, , , , , , 
Direzione Funzioni Statali e Regionali - Servizi per l'impiego e Politiche Attive del Lavoro,82.0,17.9,79.5,20.4,79.8,20.1,77.4,22.5,82.9,17.011667293940533,56.0,44.0,0.0,0.0,0.0,0.0,0.0,0.0, , , , , , 
Totale,80.6,19.3,80.8,19.1,83.2,16.7,80.5,19.4,84.6,15.303608521327472,80.2,19.8,73.3,26.6,46.2,53.7,84.2,15.7, , , , , , 
