LON,LAT,DIRECCION,ZONA,TARIFA,LINEA
-3.528069536021788,40.349709272965981,Avda de Pablo Iglesias N 78,AV.PABLO IGLESIAS-JOVELLANOS,B1,330
-3.527826539635552,40.34894535724569,Calle  Jovellanos N 28,JOVELLANOS-ANA MªMATUTE,B1,N302
-3.527664295798794,40.348984007161739,Calle   Jovellanos N 28,JOVELLANOS-AV.PABLO IGLESIAS,B1,334
-3.52515108632946,40.348425220913349,Avda de Pablo Iglesias N 80,AV.PABLO IGLESIAS-JOVELLANOS,B1,332
-3.52524451606419,40.348325696258307,Avda de Pablo Iglesias N 80,AV.PABLO IGLESIAS-ROSA MONTERO,B1,330
-3.522035513469408,40.345652476905833,Avda de Pablo Iglesias N 87,AV.PABLO IGLESIAS-ANTONIO MUÑOZ MOLINA,B1,332
-3.522125950674901,40.34560307729997,Avda de Pablo Iglesias N 87,AV.PABLO IGLESIAS-JUAN CARLOS ONETTI,B1,330
-3.518486934999376,40.339402749377342,Avda de Levante N 185,AV.LEVANTE-CEMENTERIO,B2,332
-3.518534432105015,40.33931070601696,Avda de Levante N 185,AV.LEVANTE-CEMENTERIO,B2,330
-3.516775403795411,40.336336810871764,Avda de Levante N 230,AV.LEVANTE-CRISTINA IGLESIAS,B2,N302
-3.516651188867013,40.335844003089676,Avda de Levante N 230,AV.LEVANTE-MIQUEL BARCELÓ,B2,330
-3.514612256812837,40.332700821851297,Avda de Levante N 172,AV.LEVANTE-FERNANDO DE LOS RÍOS,B2,332
-3.514823625676583,40.332686341771385,Avda de Levante N 172,AV.LEVANTE-ITALIA,B2,330
-3.512765089047683,40.330288022662565,Avda  Francia N 62,AV.FRANCIA-AV.LEVANTE,B2,N302
-3.510604360011109,40.331002826401651,Avda   Francia N 62,AV.FRANCIA-AV.CAMPILLO DE SAN ISIDRO,B2,N302
-3.508807768213682,40.328549721100735,Calle   Miralrío N 34,MIRALRÍO-AV.CAMPILLO DE SAN ISIDRO,B2,N302
-3.51109947459134,40.32777339852872,Calle  Miralrío N 109,MIRALRÍO-LAGO CONSTANZA,B2,N302
-3.514121546094049,40.326759902987199,Calle   Miralrío N 22,MIRALRÍO-CISNE,B2,332
-3.517459271148816,40.325614492389285,Calle   Miralrío N 13,MIRALRÍO-SAN ISIDRO,B2,332
-3.528058743503828,40.349835450662717,Avda de Pablo Iglesias N 78,AV.PABLO IGLESIAS-ORÉGANO,B1,N301
-3.532238526340471,40.352008349238695,Avda de Pablo Iglesias N 77,AV.PABLO IGLESIAS-JORGE GUILLEN,B1,N301
-3.531646286176516,40.351853174639771,Calle de la Vid N SN,AV.PABLO IGLESIAS-VID,B1,N301
-3.534216342667871,40.354203688173115,Avda de Pablo Iglesias N 60,AV.PABLO IGLESIAS-SARAMAGO,B1,330
-3.534099011884862,40.354258284347651,Avda de Pablo Iglesias N 63,AV.PABLO IGLESIAS-SARAMAGO,B1,N301
-3.52583690174024,40.353110052394314,Avda   Ramón  y Cajal N 27,AV.RAMÓN Y CAJAL-ROBLEDAL,B1,331
-3.525800385244189,40.352994747609699,Avda   Ramón  y Cajal N 27,AV.RAMÓN Y CAJAL-JOVELLANOS,B1,334
-3.539367833600397,40.344324574330173,Avda de la Técnica SN SN,AV.TÉCNICA-JOAQUIN SOROLLA,B1,N302
-3.539377664124527,40.344269671630229,Avda de la Técnica N 29,AV.TÉCNICA-JOAQUÍN SOROLLA,B1,C-1
-3.551614556143804,40.35914923798348,Avda de Covibar N 1A,AV.COVIBAR-COLEGIO,B1,333
-3.551614842302254,40.358973152633354,Avda de Covibar N 1A,AV.COVIBAR-COLEGIO,B1,N301
-3.519790754938251,40.32805144319007,Calle de San Isidro N 1A,AV.FRANCIA-EST.RIVAS VACIAMADRID,B2,336
-3.54795062379488,40.369221087823895,Paseo de las Provincias N 3,PºLAS PROVINCIAS-CÁCERES,B1,N301
-3.547939622747616,40.367220163851457,Paseo del Ferrocarril N SN,PºFERROCARRIL-EST.RIVAS URBANIZACIONES,B1,330
-3.544023411280805,40.351704315546954,Calle del Electrodo N 30,ELECTRODO-CENTRO DE EMPRESAS,B1,C-1
-3.5480759204219,40.35454411418187,Calle del Electrodo N 1A,ELECTRODO-AYUNTAMIENTO,B1,C-1
-3.550374274105394,40.366507544321337,Avda del Deporte N S/N,AV.DEPORTE-PZA.LEÓN FELIPE,B1,C-1
-3.550541861375663,40.366612713271991,Avda del Deporte N S/N,AV.DEPORTE-PZA.FEDERICO GªLORCA,B1,N301
-3.531527507335704,40.369394815949626,Avda de los Almendros N 188,AV.ALMENDROS-PºLA CHOPERA,B1,N301
-3.539444876508738,40.360951369612124,Calle   Boros N 6,BOROS-SAUCES,B1,N302
-3.542684150610022,40.360178704754979,Calle de Junkal N 1,JUNKAL-SAUCES,B1,N302
-3.537800513851392,40.358831081072097,Avda de Pablo Iglesias N 1,AV.PABLO IGLESIAS-ACACIAS,B1,N302
-3.540783200737445,40.357669334140574,Calle de Junkal N 11B,JUNKAL-ACACIAS,B1,N302
-3.539477028357666,40.356051335081084,Avda de José Hierro N 16,AV.JOSÉ HIERRO-AZALEA,B1,N302
-3.535809912235036,40.353904825774777,Calle de José Saramago N 11,JOSÉ SARAMAGO-AV.PABLO IGLESIAS,B1,334
-3.539727136583015,40.351657974243757,Calle de la Fundición N 45,FUNDICIÓN-JOSÉ SARAMAGO,B1,N302
-3.539718040737031,40.351753018892154,Calle  del  Torno N SN,TORNO-FUNDICIÓN,B1,N302
-3.541768165276983,40.350327249738825,Calle del Torno N 4,TORNO-ELECTRODO,B1,N302
-3.542457604757349,40.34999030471014,Calle del Cincel N 6,CINCEL-ELECTRODO,B1,N302
-3.541065351998765,40.345749278568363,Avda de la Técnica N 21,AV.TÉCNICA-FRAGUA,B1,N302
-3.525393689463753,40.352286246931783,Calle   Jovellanos N 40,JOVELLANOS-PETUNIA,B1,N301
-3.524779073622841,40.352935360613635,Calle  Jovellanos N 48,JOVELLANOS-ÁNGEL SAAVEDRA,B1,N301
-3.537178146723096,40.342638393531068,Avda de la Técnica N 2A,AV.TÉCNICA-JUAN FRANCÉS,B1,C-1
-3.537263152336372,40.34275240689832,Avda de la Técnica N 2A,AV.TÉCNICA-JUAN FRANCÉS,B1,N302
-3.533568710773076,40.341108101189739,Avda de la Técnica N 2A,AV.TÉCNICA-CENTRO COMERCIAL,B1,C-1
-3.533737243959384,40.341214660153071,Avda de la Técnica N 2A,AV.TÉCNICA-CENTRO COMERCIAL,B1,N302
-3.541126155496785,40.345880501504929,Avda de la Técnica N 21,AV.TÉCNICA-YUNQUE,B1,N302
-3.521476964351256,40.32683444939493,Ctra de Valencia SN SN,CTRA.A3-EST.RIVAS VACIAMADRID,B2,351
-3.521455472294708,40.326817915137404,Ctra de Valencia SN SN,CTRA.A3-EST.RIVAS VACIAMADRID,B2,351
-3.521516739528755,40.326865054811101,Ctra de Valencia SN SN,CTRA.A3-EST.RIVAS VACIAMADRID,B2,351
-3.520527985679026,40.32673209364831,Ctra de Valencia SN SN,CTRA.A3-EST.RIVAS VACIAMADRID,B2,353
-3.520545442700545,40.326742853286333,Ctra de Valencia SN SN,CTRA.A3-EST.RIVAS VACIAMADRID,B2,353
-3.520557282737651,40.326751809293626,Ctra de Valencia SN SN,CTRA.A3-EST.RIVAS VACIAMADRID,B2,353
-3.542428568074556,40.36062508519673,Avda de los Almendros N 4,AV.ALMENDROS-JUNKAL,B1,331
-3.539683564715861,40.361989283588841,Avda de los Almendros N 16,AV.ALMENDROS-BOROS,B1,331
-3.537561286879682,40.363179353807354,Avda de los Almendros N 64,AV.ALMENDROS-URB.EL TEJAR,B1,331
-3.532610668167983,40.36533585715113,Avda de los Almendros N 130,AV.ALMENDROS-ACEBO,B1,331
-3.532524318840235,40.365450670490212,Avda de los Almendros N 130B,AV.ALMENDROS-RÍO JARAMA,B1,331
-3.537643941888298,40.363205997565174,Avda de los Almendros N 62,AV.ALMENDROS-ÓPERA,B1,331
-3.53973209034911,40.362041355588971,Avda de los Almendros N 16,AV.ALMENDROS-AV.ZARZUELA,B1,331
-3.542593875649765,40.360678365734586,Avda de los Almendros N 2,AV.ALMENDROS-INTEGRACIÓN,B1,333
-3.547763798601396,40.357645526855812,Calle de la Osa Mayor N 5,AV.MIGUEL HERNÁNDEZ-LUNA,B1,333
-3.547328679057896,40.359805845367525,Avda de Miguel Hernández N 3,AV.MIGUEL HERNÁNDEZ-LOS ASTROS,B1,333
-3.54771418595822,40.357419973918745,Avda de Miguel Hernández N 1,AV.MIGUEL HERNÁNDEZ-COLEGIO,B1,C-1
-3.550583919038708,40.356955907728455,Avda de Covibar N 1A,AV.COVIBAR-LA ROSA,B1,333
-3.552921127480382,40.361953863365088,Avda de Covibar N 1,AV.COVIBAR-PZA.VIOLETA PARRA,B1,C-1
-3.55174684395334,40.364580244338498,Avda de Covibar N 4,AV.COVIBAR-PZA.PAU CASALS,B1,C-1
-3.549010342907849,40.365333099675446,Avda de Covibar N 10,AV.COVIBAR-ABOGADOS DE ATOCHA,B1,333
-3.551882037162286,40.364517418969044,Avda de Covibar N 1,AV.COVIBAR-PZA.RAFAEL ALBERTI,B1,N301
-3.552846533141007,40.36157758284719,Avda de Covibar N SN,AV.COVIBAR-PZA.VIOLETA PARRA,B1,N302
-3.550670244064092,40.356922911140678,Avda de Covibar N 1A,AV.COVIBAR-LA ROSA,B1,N301
-3.531929739995569,40.37177105891282,Avda de los Almendros N 198,AV.ALMENDROS-COLEGIO,B1,N301
-3.531974773272708,40.371682760647538,Avda de los Almendros N 198,AV.ALMENDROS-COLEGIO,B1,333
-3.531634957040014,40.368826449152728,Paseo de la Chopera N 64,PºCHOPERA-INSTITUTO,B1,333
-3.548764592462653,40.364973682330195,Avda de Covibar N 10,AV.COVIBAR-CENTRO DE SALUD,B1,333
-3.512232426890652,40.328835706818282,Calle  Lago Garda N 2,AV.LEVANTE-LAGO GARDA,B2,332
-3.543208207488453,40.354642756671694,Calle de la Fundición N 7,CÉSAR MANRIQUE-FUNDICIÓN,B1,334
-3.543434864284699,40.354598003900421,Calle de la Carretilla N 35,CÉSAR MANRIQUE-FUNDICIÓN,B1,334
-3.519704903357809,40.327470310682102,Calle   Piscina Maspalomas N SN,PISCINA MASPALOMAS-EST.RIVAS VACIAMADRID,B2,330
-3.516095689743933,40.352720041999163,Calle   Fernando Trueba N 25,FERNANDO TRUEBA-INSTITUTO,B1,331
-3.532578278533588,40.375683071792814,Avda de los Almendros N 0,AV.ALMENDROS-DEBORA ARANGO,B1,333
-3.532958249124066,40.37893909857052,Avda de los Almendros N 290,AV.ALMENDROS-ISADORA DUNCAN,B1,333
-3.535957817963698,40.379123103641646,Avda  8 de Marzo N 0,AV.OCHO DE MARZO-CIUDAD EDUCATIVA,B1,333
-3.539207373656353,40.378166473336002,Avda de la Tierra N 0,AV.TIERRA-AV.OCHO DE MARZO,B1,333
-3.538228300272506,40.373247472803186,Paseo de las Provincias N 3,PºPROVINCIAS-SAN SEBASTIÁN,B1,333
-3.539012463467191,40.378174642136962,Av de la Tierra N 0,AV.TIERRA-AV.OCHO DE MARZO,B1,333
-3.535324228430553,40.379014005905169,Avda  8 de Marzo N 0,AV.OCHO DE MARZO-CIUDAD EDUCATIVA,B1,333
-3.543354319775752,40.354384080774757,Calle de la Fundición N 7,FUNDICIÓN-CÉSAR MANRIQUE,B1,C-1
-3.539923870149329,40.351374845452902,Calle de la Fundición N 45,FUNDICIÓN-TORNO,B1,C-1
-3.534262029739533,40.346681419697752,Calle de la Fundición N 16,FUNDICIÓN-JOAQUÍN SOROLLA,B1,C-1
-3.533543402941878,40.349570768893749,Avda de José Hierro N 38,JOSÉ HIERRO-AV.MARIO VARGAS LLOSA,B1,332
-3.531327287253516,40.35133691735026,Avda de Pablo Iglesias N 64,AV.PABLO IGLESIAS-MARIO VARGAS LLOSA,B1,330
-3.528704092844547,40.347104139470765,Avda de José Hierro N 86,AV.JOSÉ HIERRO-COLEGIO,B1,334
-3.528651225565313,40.347204049369658,Avda de José Hierro N 86,AV.JOSÉ HIERRO-JOVELLANOS,B1,334
-3.525684531205434,40.345074637161574,Avda de José Hierro N 92,AV.JOSÉ HIERRO-ESCUELA INFANTIL,B1,334
-3.525581686578962,40.345151330620311,Avda de José Hierro N 92,AV.JOSÉ HIERRO-CLARA SÁNCHEZ,B1,334
-3.524510531391387,40.341439733933008,Avda de Aurelio alvarez SN SN,AV.AURELIO ALVAREZ-EST.RIVAS FUTURA,B1,334
-3.524441425481177,40.341302062079535,Avda de Aurelio Alvarez SN SN,AV.AURELIO ALVAREZ-AV.JOSÉ HIERRO,B1,331
-3.528375457328904,40.336768170468666,Calle   Juan de la Cierva N S/N,JUAN DE LA CIERVA-CENTRO COMERCIAL,B2,331
-3.5284809196741,40.336742382486186,Calle   Juan de la Cierva N SN,JUAN DE LA CIERVA-MARÍA MONTESSORI,B2,334
-3.53400670746834,40.359546003358489,Calle de César Manrique N 67,CÉSAR MANRIQUE-CENTRO DE SALUD,B1,N301
-3.533955953176645,40.3594640134665,Calle de César Manrique N 92,CÉSAR MANRIQUE-CENTRO DE SALUD,B1,N301
-3.51801431799504,40.354461616833305,Avda   Pilar Miró N 62,AV.PILAR MIRÓ-ADOLFO MARSILLACH,B1,331
-3.517897468001095,40.354525428844035,Avda   Pilar Miró N 62,AV.PILAR MIRÓ-NURIA ESPERT,B1,331
-3.53695101735584,40.352699996815048,Avda de José Hierro N 34,AV.JOSÉ HIERRO-JOSÉ SARAMAGO,B1,334
-3.536915228955654,40.352852922240842,Avda de José Hierro N 34,AV.JOSÉ HIERRO-JOSÉ SARAMAGO,B1,334
-3.531927423704959,40.358429441670047,Avda   Ramón  y Cajal N 21,AV.RAMÓN Y CAJAL-AMAPOLA,B1,N301
-3.531636045411283,40.358225785112197,Avda   Ramón  y Cajal N 25,AV.RAMÓN Y CAJAL-AMAPOLA,B1,N301
-3.520653631256575,40.343059113930074,Avda de Levante N 185,AV. PABLO IGLESIAS-AURELIO ALVAREZ,B1,330
-3.520725750999043,40.343554763616282,Avda de Levante N 185,AV.PABLO IGLESIAS-AGUSTIN SANCHEZ MILLAN,B1,332
-3.537927718849402,40.352864962893044,Calle de José Saramago N 1B,JOSÉ SARAMAGO-AV. JOSÉ HIERRO,B1,N302
-3.539757925018973,40.356908239262182,Calle de César Manrique N 7,CESAR MANRIQUE-JUNKAL,B1,330
-3.539765485764815,40.356804751793014,Calle de César Manrique N 12,CESAR MANRIQUE-JOSÉ HIERRO,B1,330
-3.52188958415227,40.339409585392346,Avda de Velázquez N 6,VELAZQUEZ-AV. PRIMERO DE MAYO,B2,334
-3.521993089985757,40.339367370359994,Avda de Velázquez N 6,VELAZQUEZ-AV. PRIMERO DE MAYO,B2,334
-3.533356988758444,40.379068795997505,Avda de los Almendros N 290,AV.ALMENDROS-ISADORA DUNCAN,B1,333
-3.522975822826131,40.347298221932945,Calle   Miguel Gila N 2,MIGUEL GILA-AV.PABLO IGLESIAS,B1,331
-3.523023565021683,40.347323520354585,Calle  Miguel Gila SN SN,MIGUEL GILA-AV.PABLO IGLESIAS,B1,331
-3.529130675731876,40.357072166690472,Avda   Cerro del Telégrafo N 2,AV.CERRO DEL TELÉGRAFO-AV.RAMÓN Y CAJAL,B1,331
-3.524393856274413,40.359303488645899,Avda  Cerro del Telégrafo N 5,AV.CERRO DEL TELÉGRAFO-MANZANO,B1,331
-3.523814535379594,40.35949712262159,Avda   Cerro del Telégrafo N 5,AV.CERRO DEL TELÉGRAFO-MANZANO,B1,331
-3.519486874864322,40.360667202746789,Avda  Cerro del Telégrafo N 33,AV.CERRO DEL TELÉGRAFO-ROBLEDAL,B1,N301
-3.529595187490162,40.375389235065299,Paseo de las Provincias N 2,PºLAS PROVINCIAS-SEVILLA,B1,333
-3.525518893409512,40.373803493864713,Calle de los Picos de Urbión N 99,PICOS DE URBIÓN-HUELVA,B1,333
-3.529864871775628,40.373176852261999,Calle de los Picos de Urbión N 27,PICOS DE URBIÓN-CERPA,B1,333
-3.529739184154682,40.373167634354736,Calle de los Picos de Urbión N 27,PICOS DE URBIÓN-CAZORLA,B1,333
-3.525334195474112,40.373799557039526,Calle de los Picos de Urbión N 30,PICOS DE URBIÓN-CAÑADAS,B1,333
-3.529768973984471,40.375481018049918,Paseo de las Provincias N 2,PºLAS PROVINCIAS-SEVILLA,B1,333
-3.537412392843568,40.349436364801839,Calle de la Fundición N 75,FUNDICIÓN-CLAVO,B1,C-1
-3.529063335640042,40.346920486503947,Avda   Francisco de Quevedo N 25,AV.FRANCISCO QUEVEDO-COLEGIO,B1,N302
-3.529188822735239,40.347012860939302,Avda  Francisco de Quevedo N 25,AV.FRANCISCO QUEVEDO-POLICÍA LOCAL,B1,332
-3.5418543995082,40.349811972014081,Calle del Electrodo N 50,ELECTRODO-CINCEL,B1,C-1
-3.539622089183129,40.34687218650523,Calle del Electrodo N 56,ELECTRODO-FRAGUA,B1,C-1
-3.543151252111015,40.348418673405362,Calle del Cincel N 2,CINCEL-AV.TÉCNICA,B1,N302
-3.518072447177395,40.360638646093363,Avda   Pilar Miró N 142,AV.CERRO DEL TELÉGRAFO-ABETO,B1,331
-3.518086693579677,40.357014537179303,Avda   Pilar Miró N 57,AV.PILAR MIRÓ-JOVELLANOS,B1,N301
-3.517718883140967,40.356762708963693,Calle  José Isbert N 42,JOSÉ ISBERT-AV.PILAR MIRÓ,B1,331
-3.547824031588294,40.362806551850568,Avda de Gabriel García Márquez N 1,AV.GABRIEL GARCÍA MÁRQUEZ-INSTITUTO,B1,C-1
-3.551409045492858,40.360130214777833,Avda de Gabriel García Márquez N 1,AV.GABRIEL GªMÁRQUEZ-AV.COVIBAR,B1,C-1
-3.509801269695702,40.330749078584248,Avda   Campillo de San Isidro N 64,AV.CAMPILLO-AV.FRANCIA,B2,334
-3.508826614983268,40.328606279251481,Calle   Miralrío N 34,MIRALRÍO-AV.CAMPILLO,B2,334
-3.530707642377211,40.3633010562598,Calle  Aloe N 35,ALOE-ACEBO,B1,331
-3.533390735006378,40.361522934708105,Calle de la Encina Verde N 1,ENCINA VERDE-C.C.SANTA MÓNICA,B1,331
-3.531566310536507,40.359246248784537,Calle de la Encina Verde N 16,ENCINA VERDE-MORERAS,B1,331
-3.536062670749537,40.356578775210536,Calle   Azalea N 53,AV.PABLO IGLESIAS-AZALEA,B1,330
-3.536017897126302,40.356686074396436,Calle   Azalea N 55,AV.PABLO IGLESIAS-AMAPOLA,B1,N301
-3.51262057398649,40.330262742790907,Avda   Francia N 62,AV.FRANCIA-AV.LEVANTE,B2,334
-3.511280625603214,40.327777986622522,Calle  Miralrío N 109,MIRALRÍO-AV.DE LEVANTE,B2,334
-3.514752573702955,40.326561528496562,Calle  Miralrío N 16,MIRALRÍO-AV.CISNE,B2,330
-3.517585250278815,40.325611992573194,Calle   Miralrío N 13,MIRALRÍO-PISCINA,B2,330
-3.532574132152107,40.374872583828243,Avda de los Almendros N 274,PºPROVINCIAS-CENTRO COMERCIAL,B1,333
-3.533856174306455,40.375045827201838,Paseo de las Provincias N 3,PºLAS PROVINCIAS-CENTRO COMERCIAL,B1,N301
-3.537402829996337,40.373545337860513,Paseo de las Provincias N 3,PºPROVINCIAS-COLEGIO,B1,333
-3.537556025135646,40.373606600675188,Paseo de las Provincias N 3,PºLAS PROVINCIAS-COLEGIO,B1,N301
-3.541233724590165,40.371698298341279,Paseo de las Provincias N 3,PºLAS PROVINCIAS-VALLADOLID,B1,333
-3.541072959073575,40.371852664486177,Paseo de las Provincias N 3,PºLAS PROVINCIAS-RONDA DE GIJÓN,B1,N301
-3.548067917137822,40.369247416025587,Paseo de las Provincias N 3,PºLAS PROVINCIAS-RONDA DE OVIEDO,B1,N301
-3.534258313027375,40.367621700051274,Paseo de la Chopera N 27,PºCHOPERA-ROBLES,B1,333
-3.535143090184439,40.367152589546265,Paseo de la Chopera N 36,PºCHOPERA-ROBLES,B1,333
-3.538793037331214,40.365525018422531,Paseo de la Chopera N 3,PºCHOPERA-TILOS,B1,333
-3.538541990834262,40.365565403007515,Paseo de la Chopera N 4,PºCHOPERA-TILOS,B1,333
-3.542008504301156,40.364059540031413,Calle de los Nibelungos N 4,NIBELUNGOS-AV.ZARZUELA,B1,333
-3.541919481517789,40.364010181091174,Calle de los Nibelungos N 4,NIBELUNGOS-AV.ZARZUELA,B1,333
-3.531107532954679,40.358722569897147,Calle de la Encina Verde N 17,ENCINA VERDE-MORERAS,B1,N301
-3.533450896236599,40.361684822449448,Calle de la Encina Verde N 1,ENCINA VERDE-COLEGIO,B1,N301
-3.530675592759124,40.363270653078381,Calle   Aloe N 52,ALOE-ACEBO,B1,N301
-3.542613748465346,40.359828790098383,Calle de Junkal N 2,JUNKAL-ESTADIO DE ATLETISMO,B1,330
-3.540849497494232,40.357616924553831,Calle de Juncal N 7,JUNKAL-COLEGIO,B1,330
-3.55121933298576,40.360154363466478,Avda de Gabriel García Márquez N 1,GABRIEL GªMÁRQUEZ-AV.COVIBAR,B1,C-1
-3.547677818245235,40.362834910549388,Avda de Gabriel García Márquez N 1,AV.GABRIEL GARCÍA MÁRQUEZ-INSTITUTO,B1,C-1
-3.536717818652479,40.358276706996648,Calle de César Manrique N 31,CÉSAR MANRIQUE-BOROS,B1,N301
-3.536664376706207,40.358217368058732,Calle de César Manrique N 52,CÉSAR MANRIQUE-PZA.BELEÑO,B1,N301
-3.531665066992356,40.365385184949616,Calle del Acebo N 8,ACEBO-AV.ALMENDROS,B1,N301
-3.529429349867475,40.356798778938327,Avda  Cerro del Telégrafo N 2,AV.CERRO DEL TELÉGRAFO-INSTITUTO,B1,331
-3.534775890176257,40.350542913397533,Avda de José Hierro N 36,AV.JOSÉ HIERRO-ROSA CHACEL,B1,334
-3.53430810431222,40.349784698022553,Avda de José Hierro N 36A,AV.JOSÉ HIERRO-EMP.MUNICIPAL VIVIENDA,B1,332
-3.529614466949115,40.35322395003147,Calle   Dalia N 2,PENSAMIENTO-DALIA,B1,334
-3.529441103333258,40.353192221282029,Calle   Dalia N 2,DALIA-PENSAMIENTO,B1,334
-3.533477281079494,40.340747268602819,Avda   Francisco de Quevedo N 2,AV.FRANCISCO QUEVEDO-AV.TÉCNICA,B1,332
-3.533358374833476,40.340839064548639,Avda   Francisco de Quevedo N 2,AV.FRANCISCO QUEVEDO-AV.TÉCNICA,B1,332
-3.520678650228027,40.348865826875034,Calle   Miguel Gila N 4,MIGUEL GILA-M.VÁZQUEZ MONTALBÁN,B1,332
-3.520821931387811,40.348813821317172,Calle  Miguel Gila N SN,MIGUEL GILA-JAVIER MARÍAS,B1,331
-3.518339157071127,40.349132055156815,Avda   Pilar Miró N 16,AV.PILAR MIRÓ-BERNARDO ATXAGA,B1,331
-3.518467035405688,40.349104266051775,Avda   Pilar Miró N 16,AV.PILAR MIRÓ-AV.ÁNGEL SAAVEDRA,B1,331
-3.518616645167167,40.351597183858011,Avda   Pilar Miró N 16,AV.PILAR MIRÓ-JOSÉ MªRODERO,B1,331
-3.51873104240963,40.351658356578696,Avda   Pilar Miró N 7,AV.PILAR MIRÓ-MARÍA GUERRERO,B1,331
-3.547865929275775,40.367324036623657,Paseo del Ferrocarril SN SN,PºFERROCARRIL-EST.RIVAS URBANIZACIONES,B1,C-1
-3.52947687197397,40.338758506535918,Calle   Juan de la Cierva N S/N,JUAN DE LA CIERVA-CENTROS COMERCIALES,B2,331
-3.529641263535336,40.338710186377618,Calle   Juan de la Cierva N S/N,JUAN DE LA CIERVA-CENTROS COMERCIALES,B2,334
-3.525327031076345,40.334930069419698,Calle   Tomás Edison N SN,TOMÁS EDISON-C.C.H2OCIO,B2,334
-3.524331190640155,40.335165208207627,Calle  Tomás Edison N SN,TOMÁS EDISON-C.C.H2OCIO,B2,334
-3.521268477321481,40.336211738624804,Calle  Juan Gris N 2,JUAN GRIS-ANTONIO GAUDI,B2,334
-3.520829192570254,40.336450944981017,Calle  Juan Gris N 6,JUAN GRIS-AV.VELÁZQUEZ,B2,334
-3.512465607251321,40.328418900220839,Avda de Levante N 124,AV.LEVANTE-CENTRO COMERCIAL,B2,330
-3.528245237139978,40.354480270902464,Avda   Ramón  y Cajal N 27,AV.RAMÓN Y CAJAL-INSTITUTO,B1,331
-3.531462088413093,40.343672134964166,Avda   Francisco de Quevedo N 17,AV.FRANCISCO QUEVEDO-MARIANO BENLLIURE,B1,332
-3.531866162286228,40.343229884029348,Avda   Francisco de Quevedo N 17,AV.FRANCISCO QUEVEDO-MARIANO BENLLIURE,B1,332
-3.547480100384265,40.363430188257489,Avda de Covibar N 12,AV.COVIBAR-PZA.VALENCIA,B1,333
-3.5475980184806,40.36344764902173,Avda de Covibar N 12,AV.COVIBAR-INSTITUTO,B1,333
-3.5473224051448,40.359975400335735,Avda de Miguel Hernández N 3,AV.MIGUEL HERNÁNDEZ-LOS ASTROS,B1,C-1
-3.531677485986557,40.368773442280187,Paseo de la Chopera N 64,PºCHOPERA-INSTITUTO,B1,333
