﻿Año,Tipo de vehículo ,Número de vehículos
1995,Turismos,40403
1996,Turismos,48603
1997,Turismos,44553
1998,Turismos,56014
1999,Turismos,64085
2000,Turismos,78261
2001,Turismos,108945
2002,Turismos,115396
2003,Turismos,110246
2004,Turismos,112633
2005,Turismos,116970
2006,Turismos,90620
2007,Turismos,95125
2008,Turismos,94701
2009,Turismos,90840
2010,Turismos,97000
2011,Turismos,116196
2012,Turismos,111737
2013,Turismos,110291
2014,Turismos,111114
2015,Turismos,120652
2016,Turismos,133948
1995,Autobuses,55
1996,Autobuses,58
1997,Autobuses,51
1998,Autobuses,69
1999,Autobuses,58
2000,Autobuses,58
2001,Autobuses,67
2002,Autobuses,92
2003,Autobuses,93
2004,Autobuses,92
2005,Autobuses,89
2006,Autobuses,101
2007,Autobuses,110
2008,Autobuses,102
2009,Autobuses,98
2010,Autobuses,132
2011,Autobuses,129
2012,Autobuses,132
2013,Autobuses,123
2014,Autobuses,113
2015,Autobuses,109
2016,Autobuses,118
1995,Caminones y furgonetas,5304
1996,Caminones y furgonetas,6840
1997,Caminones y furgonetas,5679
1998,Caminones y furgonetas,8891
1999,Caminones y furgonetas,10958
2000,Caminones y furgonetas,16858
2001,Caminones y furgonetas,23442
2002,Caminones y furgonetas,25868
2003,Caminones y furgonetas,27066
2004,Caminones y furgonetas,28204
2005,Caminones y furgonetas,32827
2006,Caminones y furgonetas,12305
2007,Caminones y furgonetas,13437
2008,Caminones y furgonetas,16392
2009,Caminones y furgonetas,18996
2010,Caminones y furgonetas,24156
2011,Caminones y furgonetas,37671
2012,Caminones y furgonetas,36377
2013,Caminones y furgonetas,34723
2014,Caminones y furgonetas,35011
2015,Caminones y furgonetas,37515
2016,Caminones y furgonetas,39018
1995,Motocicletas,2260
1996,Motocicletas,2293
1997,Motocicletas,2289
1998,Motocicletas,2458
1999,Motocicletas,2466
2000,Motocicletas,2559
2001,Motocicletas,2609
2002,Motocicletas,2678
2003,Motocicletas,2675
2004,Motocicletas,2877
2005,Motocicletas,3222
2006,Motocicletas,3633
2007,Motocicletas,4170
2008,Motocicletas,4500
2009,Motocicletas,4770
2010,Motocicletas,4943
2011,Motocicletas,5158
2012,Motocicletas,5303
2013,Motocicletas,5457
2014,Motocicletas,5636
2015,Motocicletas,5853
2016,Motocicletas,6123
1995,Tractores industriales,81
1996,Tractores industriales,93
1997,Tractores industriales,89
1998,Tractores industriales,102
1999,Tractores industriales,374
2000,Tractores industriales,373
2001,Tractores industriales,351
2002,Tractores industriales,229
2003,Tractores industriales,149
2004,Tractores industriales,154
2005,Tractores industriales,165
2006,Tractores industriales,193
2007,Tractores industriales,182
2008,Tractores industriales,190
2009,Tractores industriales,204
2010,Tractores industriales,161
2011,Tractores industriales,171
2012,Tractores industriales,142
2013,Tractores industriales,153
2014,Tractores industriales,186
2015,Tractores industriales,220
2016,Tractores industriales,230
2005,Remolques y semirremolques,414
2006,Remolques y semirremolques,432
2007,Remolques y semirremolques,486
2008,Remolques y semirremolques,490
2009,Remolques y semirremolques,457
2010,Remolques y semirremolques,479
2011,Remolques y semirremolques,486
2012,Remolques y semirremolques,511
2013,Remolques y semirremolques,510
2014,Remolques y semirremolques,528
2015,Remolques y semirremolques,533
2016,Remolques y semirremolques,567
1995,Otros vehículos,314
1996,Otros vehículos,434
1997,Otros vehículos,355
1998,Otros vehículos,604
1999,Otros vehículos,682
2000,Otros vehículos,731
2001,Otros vehículos,734
2002,Otros vehículos,766
2003,Otros vehículos,836
2004,Otros vehículos,932
2005,Otros vehículos,630
2006,Otros vehículos,705
2007,Otros vehículos,746
2008,Otros vehículos,812
2009,Otros vehículos,867
2010,Otros vehículos,851
2011,Otros vehículos,815
2012,Otros vehículos,781
2013,Otros vehículos,787
2014,Otros vehículos,835
2015,Otros vehículos,846
2016,Otros vehículos,841
