"SERIE DOCUMENTAL","INTERVALO DE FECHAS","OFICINA PRODUCTORA"
"1 . 0 . 0 . 0",,"ÓRGANOS DE GOBIERNO"
"1 . 1 . 0 . 0",,"AUTORIDADES SUPRAMUNICIPALES"
"1 . 1 . 1 . 0",,"AUTORIDAD REAL"
"1 . 1 . 1 . 15","1790-1790","Provisiones"
"1 . 1 . 2 . 0",,"DELEGADOS REGIOS"
"1 . 1 . 3 . 0",,"AUTORIDAD SEÑORIAL"
"1 . 1 . 4 . 0",,"AUTORIDAD ECLESIÁSTICA"
"1 . 1 . 4 . 5","1832-1863","Correspondencia"
"1 . 1 . 4 . 6","1794-1794","Informes"
"1 . 2 . 0 . 0",,"ALCALDE"
"1 . 2 . 1 . 0",,"SECRETARÍA DE LA ALCALDÍA"
"1 . 2 . 1 . 3","1892-2007","Bandos"
"1 . 2 . 1 . 4","1849-2001","Correspondencia"
"1 . 2 . 1 . 5","1804-2003","Decretos"
"1 . 2 . 1 . 6","1890-1975","Edictos"
"1 . 2 . 1 . 7","1979-2000","Expedientes de catástrofes, siniestros"
"1 . 2 . 1 . 9","1945-2002","Mociones, ponencias, colaboraciones"
"1 . 2 . 1 . 10","1981-2004","Planes de acción municipal"
"1 . 2 . 1 . 11","1969-2003","Reglamentos"
"1 . 2 . 1 . 12","1917-1952","Salvoconductos, guías, pasaportes, cédulas"
"1 . 2 . 1 . 13","1915-1983","Sanciones, multas de buen gobierno"
"1 . 2 . 1 . 14","1941-2012","Convenios"
"1 . 2 . 1 . 15","1976-2007","Expedientes de subvenciones"
"1 . 2 . 1 . 16","2006-2006","Memorias de alcaldia"
"1 . 2 . 2 . 0",,"PROTOCOLO"
"1 . 2 . 2 . 3","1948-2010","Expedientes de honores, distinciones, actos representativos, visitas"
"1 . 2 . 3 . 0",,"IMAGEN, PRENSA Y PUBLICACIONES"
"1 . 2 . 3 . 1","1956-1989","Correspondencia"
"1 . 2 . 3 . 2","1976-1984","Expedientes de boletines informativos"
"1 . 2 . 3 . 3","1981-1990","Campañas de imagen, estudios, proyectos"
"1 . 2 . 3 . 4","1960-1988","Memorias anuales"
"1 . 2 . 3 . 5","1934-2015","Carteles, diseños y folletos"
"1 . 2 . 3 . 6","1979-2005","Publicaciones"
"1 . 2 . 4 . 0",,"ALCALDE COMO DELEGADO GUBERNATIVO"
"1 . 2 . 4 . 1","1936-1986","Actas de incautación, ocupación, devolución de bienes"
"1 . 2 . 4 . 2","1911-1941","Correspondencia"
"1 . 2 . 4 . 3","1936-1941","Expedientes de depuración"
"1 . 2 . 4 . 4","1932-1961","Expedientes judiciales"
"1 . 2 . 4 . 5","1893-1984","Expedientes de nombramientos de guardas jurados"
"1 . 2 . 4 . 6","1907-1983","Expedientes de sanciones gubernativas"
"1 . 2 . 4 . 8","1975-1975","Listas de lotería"
"1 . 2 . 4 . 9","1894-1997","Tarjetas de armas"
"1 . 2 . 4 . 10","1974-1977","Registro de armas"
"1 . 2 . 4 . 15","1901-1937","Registro de presos"
"1 . 2 . 4 . 16","1980-2004","Expedientes de autorización de actos públicos"
"1 . 2 . 4 . 17","1995-2011","Expedientes de matrimonios civiles"
"1 . 2 . 5 . 0",,"COOPERACION"
"1 . 2 . 5 . 1","1997-2008","Actividades y programas"
"1 . 2 . 5 . 2","1995-2003","Correspondencia"
"1 . 2 . 5 . 3","1992-2012","Expedientes de proyectos de cooperación"
"1 . 2 . 5 . 4","2005-2005","Informes"
"1 . 2 . 5 . 5","2004-2009","Memorias"
"1 . 3 . 0 . 0",,"AYUNTAMIENTO PLENO"
"1 . 3 . 0 . 1","1984-1991","Cartas de hermandad entre municipios"
"1 . 3 . 0 . 2","1924-1991","Expedientes de constitución del ayuntamiento"
"1 . 3 . 0 . 3","1932-2003","Expedientes de eleccion de cargos municipales"
"1 . 3 . 0 . 4","1935-2007","Expedientes de cargos nombramientos y credenciales"
"1 . 3 . 0 . 5","1945-1995","Expedientes de segregación, fusión, mancomunidad del termino municipal"
"1 . 3 . 0 . 6","1928-2010","Expedientes de sesiones del pleno"
"1 . 3 . 0 . 7","1790-2012","Libros de actas del pleno"
"1 . 3 . 0 . 9","1924-2006","Ordenanzas"
"1 . 3 . 0 . 10","1980-2000","Expedientes de creación de centros, sociedades, servicios"
"1 . 3 . 0 . 11","1987-2010","Mociones del pleno"
"1 . 4 . 0 . 0",,"COMISION MUNICIPAL PERMANENTE"
"1 . 4 . 0 . 1","1972-1985","Expedientes de sesiones de comisión permanente"
"1 . 4 . 0 . 2","1926-1985","Libros de actas de la comisión municipal permanente"
"1 . 5 . 0 . 0",,"COMISIONES INFORMATIVAS Y ESPECIALES"
"1 . 5 . 0 . 1","1905-2007","Actas de las comisiones informativas y especiales"
"1 . 5 . 0 . 2","1936-2007","Expedientes de sesiones de las comisiones informativas y especiales"
"1 . 5 . 0 . 3","1987-2007","Libros de actas de comisiones informativas y especiales"
"1 . 6 . 0 . 0",,"COMISIÓN DE GOBIERNO"
"1 . 6 . 0 . 1","1985-2003","Expedientes de sesiones de la comisión de gobierno"
"1 . 6 . 0 . 2","1985-2003","Libros de actas de la comisión de gobierno"
"1 . 7 . 0 . 0",,"CONCEJALIAS"
"1 . 7 . 1 . 0",,"SECRETARÍAS DE CONCEJALÍAS"
"1 . 7 . 1 . 1","1985-2009","Correspondencia"
"1 . 7 . 1 . 2","2004-2004","Comunicados e informes"
"1 . 8 . 0 . 0",,"JUNTA DE GOBIERNO LOCAL"
"1 . 8 . 0 . 1","2004-2010","Expedientes de sesiones de la junta local de gobierno"
"1 . 8 . 0 . 2","2004-2010","Libros de actas de la junta local de gobierno"
"2 . 0 . 0 . 0",,"ADMINISTRACIÓN GENERAL Y SERVICIOS"
"2 . 1 . 0 . 0",,"SECRETARÍA GENERAL"
"2 . 1 . 1 . 0",,"SECRETARÍA Y OFICIALÍA MAYOR"
"2 . 1 . 1 . 1","1905-1980","Circulares e informes"
"2 . 1 . 1 . 2","1917-2004","Correspondencia"
"2 . 1 . 1 . 3","1981-1987","Estudios"
"2 . 1 . 1 . 4","1935-2004","Certificados, informes, estadísticas, consultas..."
"2 . 1 . 1 . 5","1953-1989","Memorias anuales"
"2 . 1 . 1 . 7","1987-2003","Declaracion para los registros de intereses de miembros de la corporacion"
"2 . 1 . 1 . 8","1965-1965","Comparecencias"
"2 . 1 . 1 . 9","1970-1989","Registro de asociaciones"
"2 . 1 . 1 . 10","1991-2003","Registro de intereses incompatibilidades y actividades"
"2 . 1 . 1 . 11","1991-2003","Registro de intereses bienes patrimoniales"
"2 . 1 . 2 . 0",,"REGISTRO GENERAL"
"2 . 1 . 2 . 1","1897-1980","Libros de registro de entrada"
"2 . 1 . 2 . 2","1902-1987","Libros de registro de salida"
"2 . 1 . 3 . 0",,"CONTRATACIÓN: AYUNTAMIENTO Y PATRONATOS"
"2 . 1 . 3 . 1","1994-1998","Correspondencia"
"2 . 1 . 3 . 2","1899-2011","Expedientes de contratación y adquisicion"
"2 . 1 . 3 . 3","1997-1997","Informes"
"2 . 1 . 4 . 0",,"ESTADISTICA: PADRONES Y CENSOS"
"2 . 1 . 4 . 1","1909-1985","Altas del padron de habitantes"
"2 . 1 . 4 . 2","1943-1991","Bajas del padron de habitantes"
"2 . 1 . 4 . 3","1975-1990","Boletines demograficos: nacimientos y defunciones"
"2 . 1 . 4 . 4","1970-1988","Callejeros"
"2 . 1 . 4 . 5","1975-1991","Cambios de domicilio"
"2 . 1 . 4 . 7","1889-1989","Censos: vivienda, poblacion, electorales"
"2 . 1 . 4 . 8","1926-1980","Cuadernos auxiliares del padron"
"2 . 1 . 4 . 9","1917-1984","Estadisticas"
"2 . 1 . 4 . 12","1936-1936","Libros de defunciones"
"2 . 1 . 4 . 13","1972-1972","Libros de matrimonios"
"2 . 1 . 4 . 16","1891-1996","Padrones de habitantes y rectificaciones"
"2 . 1 . 5 . 0",,"QUINTAS Y MILICIAS"
"2 . 1 . 5 . 1","1895-1987","Correspondencia"
"2 . 1 . 5 . 2","1877-1999","Expedientes generales"
"2 . 1 . 5 . 3","1940-1940","Expedientes de levas"
"2 . 1 . 5 . 4","1936-1952","Expedientes personales de mozos"
"2 . 1 . 5 . 5","1945-1945","Expedientes de requisacion militar"
"2 . 1 . 5 . 7","1909-1909","Expedientes de suministros al ejercito"
"2 . 1 . 5 . 8","1935-1935","Libros de revistas de reemplazos"
"2 . 1 . 5 . 9","1984-1999","Padrones de alistamiento"
"2 . 1 . 5 . 10","1986-1986","Registro de llamada"
"2 . 1 . 5 . 11","1944-1968","Registro de reservistas"
"2 . 1 . 5 . 12","1990-1990","Expedientes del servicio civil sustitutorio"
"2 . 1 . 6 . 0",,"ARCHIVO"
"2 . 1 . 6 . 3","1955-2010","Correspondencia"
"2 . 1 . 6 . 4","1981-2000","Estadisticas, estudios"
"2 . 1 . 6 . 5","1996-1996","Expedientes de expurgo"
"2 . 1 . 6 . 6","1997-2004","Expedientes de investigadores"
"2 . 1 . 6 . 7","1984-1996","Informes y certificaciones"
"2 . 1 . 6 . 8","1826-2003","Instrumentos de trabajo"
"2 . 1 . 6 . 9","1892-1910","Libros registro de entrada de fondos"
"2 . 1 . 6 . 12","1978-2005","Memorias anuales"
"2 . 1 . 6 . 13","1981-2006","Expedientes de actividades, colaboraciones, investigaciones"
"2 . 1 . 7 . 0",,"ELECCIONES"
"2 . 1 . 7 . 1","1900-1940","Actas de la junta electoral"
"2 . 1 . 7 . 2","1889-2008","Expedientes de elecciones"
"2 . 1 . 7 . 3","1978-1991","Estadisticas, recuentos, resumenes"
"2 . 2 . 0 . 0",,"PERSONAL: AYUNTAMIENTO Y PATRONATOS"
"2 . 2 . 1 . 0",,"PERSONAL: FUNCIONARIO, CONTRATADO"
"2 . 2 . 1 . 1","1932-1991","Correspondencia"
"2 . 2 . 1 . 2","1959-1970","Escalafon"
"2 . 2 . 1 . 3","1976-2004","Estudios de organizacion, memorias y organigramas"
"2 . 2 . 1 . 4","1913-2013","Expedientes personales"
"2 . 2 . 1 . 6","1897-1934","Expediente de la oferta publica de empleo"
"2 . 2 . 1 . 7","1939-1982","Plantillas"
"2 . 2 . 1 . 8","1893-1985","Solicitudes de empleo"
"2 . 2 . 1 . 9","1980-1989","Expedientes de cursillos"
"2 . 2 . 1 . 10","1987-2006","Informes"
"2 . 2 . 2 . 0",,"DISCIPLINA Y CONTROL"
"2 . 2 . 2 . 1","1931-2001","Expedientes disciplinarios e informacion reservada"
"2 . 2 . 2 . 4","1944-1944","Partes de variaciones e incidencias"
"2 . 2 . 2 . 5","1987-1988","Partes de permisos y vacaciones"
"2 . 2 . 3 . 0",,"ASUNTOS MUTUALES, CLASES PASIVAS Y SEGURIDAD SOCIAL"
"2 . 2 . 3 . 1","1941-1975","Certificaciones"
"2 . 2 . 3 . 2","1929-1993","Correspondencia"
"2 . 2 . 3 . 3","1942-1993","Declaraciones para ayuda familiar"
"2 . 2 . 3 . 4","1955-1977","Expedientes de orfandad y viudedad"
"2 . 2 . 3 . 5","1960-1983","Libros de matricula"
"2 . 2 . 3 . 6","2004-2004","Libros de visitas de la inspeccion de trabajo"
"2 . 2 . 3 . 7","1961-2010","Partes de cotizacion c-1 y c-2"
"2 . 2 . 3 . 8","1957-1995","Expedientes de becas, ayudas, prestaciones"
"2 . 2 . 4 . 0",,"SELECCION DE PERSONAL"
"2 . 2 . 4 . 1","1906-2009","Expedientes de acceso"
"2 . 2 . 5 . 0",,"RELACIONES LABORALES"
"2 . 2 . 5 . 1","1937-2007","Convenios y pactos laborales"
"2 . 2 . 5 . 2","1977-1977","Expedientes de comisiones paritarias"
"2 . 2 . 5 . 3","1950-1990","Expedientes de elecciones sindicales"
"2 . 2 . 6 . 0",,"FORMACION"
"2 . 2 . 7 . 0",,"PREVENCION Y SALUD LABORAL"
"2 . 2 . 7 . 3","1985-1985","Memorias de prevencion y salud laboral"
"2 . 2 . 7 . 5","2000-2000","Actas del comite de seguridad y salud laboral"
"2 . 3 . 0 . 0",,"ASESORIA JURIDICA Y SERVICIOS JURIDICOS GENERALES"
"2 . 3 . 1 . 0",,"SERVICIOS JURIDICOS"
"2 . 3 . 1 . 3","1928-1984","Cartas de poder"
"2 . 3 . 1 . 4","1989-1994","Correspondencia"
"2 . 3 . 1 . 5","1980-1980","Dictamenes"
"2 . 3 . 1 . 6","1935-1993","Expedientes de multas"
"2 . 3 . 1 . 7","1893-1997","Expedientes de procedimientos administrativos"
"2 . 3 . 1 . 8","1971-2005","Expedientes de procedimientos civiles"
"2 . 3 . 1 . 9","1916-2005","Expedientes de procedimientos contencioso-administrativos"
"2 . 3 . 1 . 10","1961-2003","Expedientes de procedimientos economico-administrativos"
"2 . 3 . 1 . 11","1977-1996","Expedientes de procedimientos laborales"
"2 . 3 . 1 . 12","1986-2002","Expedientes de procedimientos penales"
"2 . 3 . 1 . 13","1975-2002","Informes"
"2 . 3 . 1 . 15","1989-2003","Solicitudes de asistencia letrada"
"2 . 3 . 1 . 16","2001-2001","Expedientes de responsabilidad patrimonial"
"2 . 3 . 1 . 17","1999-2002","Expedientes de reclamacion de daños"
"2 . 4 . 0 . 0",,"SANIDAD, SALUD, SERVICIOS SOCIALES Y ASISTENCIALES"
"2 . 4 . 1 . 0",,"SANITARIOS LOCALES"
"2 . 4 . 1 . 1","1941-1985","Actas de inspeccion"
"2 . 4 . 1 . 2","1934-1985","Actas de toma de posesion, ceses"
"2 . 4 . 1 . 3","1934-1986","Informes, memorias de actividades"
"2 . 4 . 1 . 6","1963-1983","Correspondencia"
"2 . 4 . 1 . 7","1971-1971","Denuncias"
"2 . 4 . 2 . 0",,"CONSEJO MUNICIPAL DE SANIDAD"
"2 . 4 . 2 . 1","1950-1972","Actas de la junta o consejo municipal"
"2 . 4 . 2 . 3","1995-1995","Informes"
"2 . 4 . 3 . 0",,"CENTROS SANITARIOS MUNICIPALES"
"2 . 4 . 3 . 2","1954-1967","Correspondencia"
"2 . 4 . 3 . 9","1980-1981","Estatutos"
"2 . 4 . 3 . 11","1995-1995","Memorias anuales"
"2 . 4 . 4 . 0",,"LABORATORIOS"
"2 . 4 . 4 . 1","1984-1995","Informes del laboratorio"
"2 . 4 . 4 . 3","1955-1986","Expedientes de sanidad veterinaria"
"2 . 4 . 4 . 5","1964-1998","Partes de inspeccion de aguas"
"2 . 4 . 4 . 6","1991-2000","Partes de inspeccion de alimentos"
"2 . 4 . 5 . 0",,"MEDIO AMBIENTE"
"2 . 4 . 5 . 1","1988-2006","Actas: consejo sectorial, jornadas"
"2 . 4 . 5 . 2","1943-2008","Correspondencia e informes"
"2 . 4 . 5 . 3","1931-1998","Denuncias proteccion del medio ambiente: aguas, ruido, suelo y subsuelo"
"2 . 4 . 5 . 4","1954-2007","Expedientes de proteccion al medio campañas y planes integrales"
"2 . 4 . 5 . 5","1986-2005","Informes sobre proteccion medio ambiental"
"2 . 4 . 5 . 6","1988-1994","Partes de proteccion medio ambiental"
"2 . 4 . 5 . 7","1958-1987","Denuncias sobre limpieza de vias publicas"
"2 . 4 . 5 . 8","1990-1998","Expedientes de limpieza de vias publicas"
"2 . 4 . 5 . 9","1989-2006","Informes sobre limpieza de vias publicas"
"2 . 4 . 5 . 11","1967-1995","Denuncias sobre recogida y tratamiento de residuos"
"2 . 4 . 5 . 12","1979-2003","Expedientes de recogida y tratamiento de residuos"
"2 . 4 . 5 . 13","1987-2007","Informes sobre recogida y tratamiento de residuos"
"2 . 4 . 5 . 14","1984-1989","Partes de recogida y tratamiento de residuos"
"2 . 4 . 5 . 16","1996-1996","Expedientes del vertedero municipal"
"2 . 4 . 5 . 17","1978-2006","Informes sobre el vertedero municipal"
"2 . 4 . 5 . 18","1994-1995","Partes del vertedero municipal"
"2 . 4 . 5 . 19","1969-2007","Inspecciones y expedientes sancionadores"
"2 . 4 . 5 . 20","1988-2007","Memorias anuales, planes y objetivos"
"2 . 4 . 5 . 21","1965-2007","Proyectos: ajardinamientos, arbolados, riegos y parques"
"2 . 4 . 5 . 22","1944-2007","Reclamaciones, solicitudes, autorizaciones"
"2 . 4 . 5 . 23","1963-1995","Expedientes de vertidos"
"2 . 4 . 5 . 24","1989-1999","Expedientes de parques y jardines"
"2 . 4 . 5 . 25","1994-2003","Expedientes de ordenes de ejecucion"
"2 . 4 . 6 . 0",,"CEMENTERIO MUNICIPAL"
"2 . 4 . 6 . 1","1921-2009","Expedientes de enterramiento"
"2 . 4 . 6 . 2","1941-2001","Expedientes de exhumacion y reduccion de restos"
"2 . 4 . 6 . 3","1939-2001","Expedientes de traslado de cadaveres"
"2 . 4 . 6 . 4","1950-2011","Libros registro de enterramientos"
"2 . 4 . 6 . 5","1960-1998","Correspondencia, informes"
"2 . 4 . 7 . 0",,"SERVICIOS SOCIALES Y ASISTENCIALES"
"2 . 4 . 7 . 1","1941-1996","Correspondencia"
"2 . 4 . 7 . 2","1979-1999","Estudios, planes, proyectos, programas"
"2 . 4 . 7 . 3","1910-2006","Expedientes de asistencia"
"2 . 4 . 7 . 4","1937-2003","Informes, memorias"
"2 . 4 . 7 . 5","1901-1986","Libros de actas de la junta de beneficencia"
"2 . 4 . 7 . 8","1927-1985","Padrones de beneficencia"
"2 . 4 . 7 . 9","1892-1987","Recibos de ayuda"
"2 . 4 . 7 . 10","1943-1986","Cartillas de beneficencia"
"2 . 4 . 8 . 0",,"FUNDACIONES BENEFICAS ADMINISTRADAS POR EL AYUNTAMIENTO"
"2 . 4 . 8 . 3","1964-1964","Expedientes de asistencia"
"2 . 4 . 9 . 0",,"CENTROS DE MAYORES (HOGARES DEL JUBILADO)"
"2 . 4 . 9 . 1","1980-2006","Actas de los centros de mayores"
"2 . 4 . 9 . 2","1980-2004","Correspondencia"
"2 . 4 . 9 . 3","1981-1981","Convenios de personal"
"2 . 4 . 9 . 4","1980-1986","Estatutos"
"2 . 4 . 9 . 5","1980-2004","Informes"
"2 . 4 . 9 . 6","1981-2006","Memorias de actividades"
"2 . 4 . 9 . 7","1984-2008","Expedientes de actividades"
"2 . 4 . 9 . 8","1986-2001","Programas, objetivos"
"2 . 4 . 10 . 0",,"CONSUMO (O.M.I.C)"
"2 . 4 . 10 . 1","1984-1985","Correspondencia"
"2 . 4 . 10 . 2","1966-2007","Consultas, reclamaciones"
"2 . 4 . 10 . 3","1990-1998","Expedientes de inspeccion de consumo"
"2 . 4 . 11 . 0",,"SANIDAD Y SALUD PUBLICA"
"2 . 4 . 11 . 1","1990-2001","Actas de inspeccion sanitaria"
"2 . 4 . 11 . 2","1986-1988","Campañas de inspeccion sanitaria"
"2 . 4 . 11 . 3","1919-1991","Campañas de salud publica y promocion de la salud"
"2 . 4 . 11 . 4","1970-2000","Expedientes de actuaciones de salud publica"
"2 . 4 . 11 . 6","1931-1999","Correspondencia de sanidad"
"2 . 4 . 11 . 7","1951-2001","Informes de sanidad"
"2 . 4 . 11 . 8","1981-1988","Memorias de sanidad"
"2 . 4 . 11 . 13","1942-1992","Censo canino"
"2 . 4 . 12 . 0",,"CASA DE LA MUJER"
"2 . 4 . 12 . 3","1987-2004","Expedientes de actividades, programas, cursos"
"2 . 4 . 12 . 6","2002-2002","Planes, estudios"
"2 . 4 . 13 . 0",,"DIRECCION DEL PATRONATO DE SALUD E INTEGRACION SOCIAL"
"2 . 4 . 13 . 1","1981-1981","Actas de las juntas directivas y consejos rectores"
"2 . 4 . 13 . 3","1984-1999","Correspondencia"
"2 . 4 . 13 . 7","1993-2002","Expedientes de sesiones juntas directivas y consejos rectores"
"2 . 4 . 13 . 8","1996-2000","Informes"
"2 . 4 . 13 . 9","1994-2004","Memorias, programaciones, estadísticas"
"2 . 5 . 0 . 0",,"OBRAS Y URBANISMO"
"2 . 5 . 1 . 0",,"PLANEAMIENTO"
"2 . 5 . 1 . 1","1975-2001","Estudios de detalle"
"2 . 5 . 1 . 2","1979-1996","Expedientes de asociaciones administrativas, cooperacion"
"2 . 5 . 1 . 3","1971-1981","Expedientes de delimitacion, reclasificacion del suelo urbano"
"2 . 5 . 1 . 4","1977-2000","Expedientes de juntas de compensacion"
"2 . 5 . 1 . 5","1956-2008","Expedientes de parcelaciones"
"2 . 5 . 1 . 6","1969-1994","Expedientes de reparcelaciones"
"2 . 5 . 1 . 8","1931-1998","Expedientes de vias pecuarias, caminos vecinales"
"2 . 5 . 1 . 9","1972-1988","Normas subsidiarias y complementarias de planeamiento"
"2 . 5 . 1 . 10","1984-2005","Planes especiales urbanisticos"
"2 . 5 . 1 . 11","1940-1985","Planes metropolitanos"
"2 . 5 . 1 . 12","1950-2010","Planes municipales: generales y parciales"
"2 . 5 . 1 . 13","1968-1999","Planes nacionales"
"2 . 5 . 1 . 14","1976-1976","Planes provinciales"
"2 . 5 . 1 . 16","1974-2006","Proyectos de actuaciones urbanisticas, programas, estudios"
"2 . 5 . 1 . 17","1979-1981","Expedientes de suspension de licencias"
"2 . 5 . 1 . 18","1927-2011","Proyectos de urbanizacion"
"2 . 5 . 1 . 19","1953-2001","Correspondencia e informes"
"2 . 5 . 2 . 0",,"OBRAS MUNICIPALES"
"2 . 5 . 2 . 1","1891-2010","Proyectos tecnicos y de obra municipal"
"2 . 5 . 2 . 2","1979-2000","Expedientes de ordenes de ejecucion"
"2 . 5 . 2 . 4","1955-1972","Expedientes de ruina"
"2 . 5 . 2 . 5","1956-2003","Correspondencia, informes"
"2 . 5 . 2 . 6","1969-1994","Estudios previos a obras municipales"
"2 . 5 . 2 . 7","1993-1996","Expedientes de contratacion tecnica de obras"
"2 . 5 . 2 . 9","1955-1998","Expedientes de adjudicacion de viviendas"
"2 . 5 . 2 . 10","1990-1998","Expedientes de modificacion de adjudicatarios"
"2 . 5 . 2 . 11","1991-1995","Expedientes de habitabilidad"
"2 . 5 . 2 . 12","1989-2007","Expedientes de adjudicacion de plazas de aparcamiento"
"2 . 5 . 2 . 13","1992-2006","Expedientes de solicitud de subvención"
"2 . 5 . 3 . 0",,"OBRAS PARTICULARES"
"2 . 5 . 3 . 1","1959-2011","Certificados urbanisticos"
"2 . 5 . 3 . 2","1939-2000","Correspondencia"
"2 . 5 . 3 . 3","1947-1986","Denuncias"
"2 . 5 . 3 . 4","1954-2008","Expedientes de disciplina urbanistica"
"2 . 5 . 3 . 5","1920-2012","Expedientes de obras mayores"
"2 . 5 . 3 . 6","1905-2011","Expedientes de obras menores"
"2 . 5 . 3 . 7","92-2012","Expedientes de primeras ocupaciones o utilizaciones"
"2 . 5 . 3 . 8","1955-2011","Expedientes de segregaciones, agrupaciones y alineaciones de parcelas"
"2 . 5 . 3 . 10","1970-2011","Informes"
"2 . 5 . 3 . 12","2001-2009","Expedientes de inspecciones tecnicas de edificios"
"2 . 5 . 3 . 13","1971-2005","Ordenes de ejecucion y ejecuciones subsidiarias"
"2 . 5 . 4 . 0",,"INDUSTRIAS"
"2 . 5 . 4 . 1","1956-1999","Correspondencia"
"2 . 5 . 4 . 2","1964-1990","Expedientes de consultas previas"
"2 . 5 . 4 . 3","1892-2010","Expedientes de licencia de apertura calificadas"
"2 . 5 . 4 . 4","1956-2011","Expedientes de licencia de apertura inocuas"
"2 . 5 . 4 . 5","1967-1996","Informes"
"2 . 5 . 4 . 7","1925-1996","Expedientes de disciplina de industrias"
"2 . 5 . 5 . 0",,"VÍAS PÚBLICAS"
"2 . 5 . 5 . 1","1984-2007","Correspondencia"
"2 . 5 . 5 . 2","1933-2006","Expedientes sancionadores y requerimientos"
"2 . 5 . 5 . 3","1967-2005","Expedientes de licencias y autorizaciones"
"2 . 5 . 5 . 4","1958-2007","Expedientes de ocupaciones y autorizaciones en via publica"
"2 . 5 . 5 . 5","1976-2007","Expedientes de usos de la via publica"
"2 . 5 . 5 . 6","1990-2006","Expedientes de obras de inversion"
"2 . 5 . 6 . 0",,"SEROMAL"
"2 . 5 . 6 . 1","1981-2009","Libro de actas del consejo y de la junta universal"
"2 . 5 . 6 . 3","1980-1993","Informes"
"2 . 5 . 6 . 4","1985-2007","Memorias, programas, estudios"
"2 . 5 . 6 . 6","1984-1984","Presupuestos"
"2 . 5 . 6 . 7","1984-1999","Pliegos de condiciones"
"2 . 5 . 6 . 8","1985-1985","Auditorias"
"2 . 5 . 6 . 9","1986-1986","Cuentas de resultados"
"2 . 5 . 6 . 10","1980-1999","Expedientes de acceso, personales, solicitudes"
"2 . 5 . 6 . 11","1987-1988","Expedientes de sesiones: consejos, juntas"
"2 . 5 . 6 . 12","1982-1982","Decretos de pago y aprobacion"
"2 . 5 . 6 . 13","1990-1990","Estatutos"
"2 . 5 . 6 . 14","1983-1983","Plantillas"
"2 . 5 . 7 . 0",,"MANTENIMIENTO"
"2 . 5 . 7 . 3","1999-2007","Informes"
"2 . 5 . 7 . 4","1988-2007","Expedientes de contratos de mantenimiento"
"2 . 5 . 7 . 5","1997-2006","Expedientes de mantenimiento de edificios municipales"
"2 . 5 . 7 . 6","1985-2007","Expedientes de mantenimiento: alumbrado, fuentes, limpiezas"
"2 . 5 . 7 . 7","2001-2006","Expedientes de obras de captación de energía solar"
"2 . 5 . 7 . 8","1991-2009","Expedientes de obras de reforma y rehabilitación"
"2 . 5 . 7 . 9","2000-2010","Expedientes de obras de ampliación y reforma de instalaciones"
"2 . 5 . 7 . 10","1979-2004","Expedientes de reclamaciones patrimoniales"
"2 . 5 . 7 . 11","1993-2001","Expedientes de reclamaciones de daños a terceros"
"2 . 5 . 7 . 12","1987-1999","Expedientes  de concesion de subvencion municipal"
"2 . 5 . 7 . 13","1996-2008","Expedientes de solicitud de subvencion"
"2 . 6 . 0 . 0",,"PATRIMONIO"
"2 . 6 . 1 . 0",,"PATRIMONIO MUNICIPAL"
"2 . 6 . 1 . 1","1925-1993","Expedientes de formacion del inventario"
"2 . 6 . 1 . 2","1936-1979","Libro del inventario general de bienes"
"2 . 6 . 1 . 3","1949-1981","Rectificaciones anuales del inventario"
"2 . 6 . 2 . 0",,"BIENES"
"2 . 6 . 2 . 2","1804-1983","Certificaciones"
"2 . 6 . 2 . 3","1910-1993","Escrituras"
"2 . 6 . 2 . 5","1952-1985","Expedientes de adquisicion de bienes"
"2 . 6 . 2 . 6","1961-1961","Expedientes de alteracion juridica de bienes"
"2 . 6 . 2 . 7","1822-1907","Expedientes de amojonamiento y coteos"
"2 . 6 . 2 . 9","1901-1995","Expedientes de arrendamiento de bienes, derechos"
"2 . 6 . 2 . 10","1911-2005","Expedientes cesion de bienes, usos, viales, reintegros"
"2 . 6 . 2 . 11","1984-1984","Expedientes de declaracion de bienes historico-artisticos"
"2 . 6 . 2 . 12","1992-1992","Expedientes de declaracion de bienes no utilizables"
"2 . 6 . 2 . 13","1978-1978","Expedientes de declaracion de parcelas sobrantes"
"2 . 6 . 2 . 14","1967-2003","Expedientes de desafectacion de bienes"
"2 . 6 . 2 . 16","1958-1985","Expedientes de desahucio de viviendas"
"2 . 6 . 2 . 17","1851-1980","Expedientes de deslindes"
"2 . 6 . 2 . 18","1900-1999","Expediente de disfrute y aprovechamiento de bienes"
"2 . 6 . 2 . 19","1953-2003","Expedientes de enajenacion de bienes"
"2 . 6 . 2 . 20","1926-2005","Expedientes de expropiacion forzosa"
"2 . 6 . 2 . 21","1974-1980","Expedientes de mancomunidades de bienes"
"2 . 6 . 2 . 22","1958-1995","Expedientes de permutas de bienes"
"2 . 6 . 2 . 23","1926-1980","Expedientes de reversion de bienes"
"2 . 6 . 2 . 25","1967-1984","Expedientes de segregaciones, agrupaciones de fincas"
"2 . 6 . 2 . 26","1886-1997","Expedientes de subastas de bienes y derechos"
"2 . 6 . 2 . 27","1934-1993","Expedientes de ventas de bienes"
"2 . 6 . 2 . 28","1963-1972","Titulos de posesion"
"2 . 6 . 2 . 29","1983-1983","Memorias anuales"
"2 . 6 . 2 . 30","1976-1984","Expedientes de valoraciones de bienes"
"2 . 7 . 0 . 0",,"EDUCACION"
"2 . 7 . 1 . 0",,"CENTROS ESCOLARES"
"2 . 7 . 1 . 1","1941-2002","Correspondencia"
"2 . 7 . 1 . 2","1918-1995","Censos, estadisticas, cuestionarios"
"2 . 7 . 1 . 4","1928-1999","Expedientes de escolarizacion"
"2 . 7 . 1 . 5","1943-1984","Expedientes de creacion de escuelas"
"2 . 7 . 1 . 6","1950-1950","Inventarios"
"2 . 7 . 1 . 7","1990-1999","Memorias anuales"
"2 . 7 . 1 . 8","1965-2010","Jornadas programaciones guias y seminarios"
"2 . 7 . 1 . 10","1936-2002","Informes"
"2 . 7 . 1 . 11","2000-2001","Consejo escolar: constitucion, actas"
"2 . 7 . 2 . 0",,"GABINETE PSICOPEDAGOGICO"
"2 . 7 . 2 . 2","1979-1985","Correspondencia"
"2 . 7 . 2 . 3","1980-1981","Expediente de creacion"
"2 . 7 . 2 . 4","1990-1990","Informes"
"2 . 7 . 2 . 5","1982-1982","Memorias anuales"
"2 . 7 . 2 . 6","1984-1989","Programas"
"2 . 7 . 3 . 0",,"JUNTA MUNICIPAL DE ENSEÑANZA"
"2 . 7 . 3 . 1","1942-1969","Expedientes de constitucion"
"2 . 7 . 3 . 2","1941-1996","Actas de la junta municipal de enseñanza"
"2 . 7 . 3 . 3","1939-1983","Concursillos de maestros"
"2 . 7 . 3 . 4","1936-1974","Correspondencia"
"2 . 7 . 3 . 6","1950-1975","Partes de asistencia de maestros"
"2 . 7 . 4 . 0",,"AYUDAS MUNICIPALES"
"2 . 7 . 4 . 1","1962-1987","Expedientes de concesion de becas"
"2 . 7 . 4 . 2","1936-2006","Expedientes de concesion de ayudas"
"2 . 7 . 4 . 3","1984-2000","Expedientes de concesion de bolsas de estudio y viaje"
"2 . 7 . 5 . 0",,"JUNTA MUNICIPAL DE EXAMINADORES"
"2 . 7 . 6 . 0",,"ESCUELAS INFANTILES: GUADERIAS"
"2 . 7 . 6 . 1","1980-1984","Actas"
"2 . 7 . 6 . 2","1966-1992","Correspondencia"
"2 . 7 . 6 . 3","1980-1984","Estatutos y reglamentos"
"2 . 7 . 6 . 4","1980-1984","Expedientes de sesiones"
"2 . 7 . 6 . 5","1982-2005","Informes"
"2 . 7 . 6 . 6","1978-2008","Memorias anuales"
"2 . 7 . 6 . 7","1985-2009","Expedientes de acceso, personales, solicitudes"
"2 . 7 . 6 . 8","1984-1984","Expedientes disciplinarios"
"2 . 7 . 6 . 9","1989-2006","Programaciones, planes anuales"
"2 . 8 . 0 . 0",,"CULTURA"
"2 . 8 . 1 . 0",,"CONSEJO MUNICIPAL DE CULTURA"
"2 . 8 . 2 . 0",,"CENTROS CULTURALES, CASAS DE LA CULTURA Y CENTROS CIVICOS"
"2 . 8 . 2 . 2","1983-1985","Correspondencia"
"2 . 8 . 2 . 3","1982-1995","Informes"
"2 . 8 . 2 . 4","2009-2009","Memorias anuales"
"2 . 8 . 2 . 6","1984-1997","Programaciones, expedientes de actividades"
"2 . 8 . 3 . 0",,"BIBLIOTECAS Y MEDIATECAS"
"2 . 8 . 3 . 1","1963-1984","Correspondencia"
"2 . 8 . 3 . 3","1954-1954","Expedientes de creacion"
"2 . 8 . 3 . 4","1957-1981","Informes"
"2 . 8 . 3 . 6","1985-1986","Programas"
"2 . 8 . 3 . 7","1936-1986","Inventarios"
"2 . 8 . 4 . 0",,"MUSEOS"
"2 . 8 . 5 . 0",,"CASA DE LA JUVENTUD"
"2 . 8 . 5 . 2","1985-1986","Congresos"
"2 . 8 . 5 . 3","1982-1987","Correspondencia"
"2 . 8 . 5 . 4","1980-1980","Estatutos"
"2 . 8 . 5 . 5","1987-1987","Estudios"
"2 . 8 . 5 . 6","1985-1992","Informes"
"2 . 8 . 5 . 7","1981-2006","Programas colonias campamentos actividades"
"2 . 8 . 5 . 8","1985-1985","Memorias anuales"
"2 . 8 . 6 . 0",,"ACTIVIDADES CULTURALES"
"2 . 8 . 6 . 2","1936-1994","Expedientes de actividades culturales"
"2 . 8 . 6 . 3","1978-1990","Expedientes de concesion de subvencion municipal"
"2 . 8 . 6 . 4","1989-2000","Expedientes de solicitud de subvencion"
"2 . 8 . 6 . 5","1982-1993","Informes"
"2 . 8 . 6 . 6","1981-1987","Programas, cursos"
"2 . 8 . 7 . 0",,"FESTEJOS"
"2 . 8 . 7 . 1","1979-1986","Actas"
"2 . 8 . 7 . 2","1976-1976","Carteles"
"2 . 8 . 7 . 3","1918-1991","Relacion de gastos"
"2 . 8 . 7 . 4","1931-1994","Expedientes anuales de actividades"
"2 . 8 . 7 . 5","1980-1982","Expedientes de sesiones"
"2 . 8 . 7 . 6","1983-1984","Expedientes de concursos, torneos"
"2 . 8 . 7 . 7","1961-1987","Programas y memorias"
"2 . 8 . 7 . 8","1939-1986","Correspondencia"
"2 . 8 . 7 . 9","1989-1992","Informes"
"2 . 8 . 8 . 0",,"TURISMO"
"2 . 8 . 8 . 1","1954-1962","Correspondencia"
"2 . 8 . 9 . 0",,"UNIVERSIDAD POPULAR"
"2 . 8 . 9 . 2","1984-1991","Congresos"
"2 . 8 . 9 . 3","1983-1987","Correspondencia"
"2 . 8 . 9 . 4","1982-1986","Estatutos"
"2 . 8 . 9 . 5","1982-1992","Programas, cursos"
"2 . 8 . 9 . 6","1983-1983","Memorias de actividades"
"2 . 8 . 9 . 7","1986-1986","Informes"
"2 . 8 . 10 . 0",,"ESCUELAS: MUSICA, PINTURA, CERAMICA, ETC"
"2 . 8 . 10 . 1","1982-1982","Correspondencia"
"2 . 8 . 10 . 3","1987-1987","Informes"
"2 . 8 . 10 . 4","1981-1981","Expedientes de actividades, programas"
"2 . 8 . 11 . 0",,"TEATRO AUDITORIO"
"2 . 8 . 11 . 1","1995-1995","Correspondencia"
"2 . 8 . 12 . 0",,"DIRECCION DEL PATRONATO SOCIO-CULTURAL"
"2 . 8 . 12 . 1","1982-2003","Actas de las juntas directivas y consejos rectores"
"2 . 8 . 12 . 3","1983-1994","Correspondencia"
"2 . 8 . 12 . 4","1983-1985","Decretos"
"2 . 8 . 12 . 6","2004-2007","Expedientes de campañas y actividades"
"2 . 8 . 12 . 7","1992-2011","Expedientes de sesiones juntas directivas y consejos rectores"
"2 . 8 . 12 . 8","1984-1995","Informes"
"2 . 8 . 12 . 9","1983-2000","Memorias, programaciones, estadisticas"
"2 . 9 . 0 . 0",,"DEPORTES"
"2 . 9 . 1 . 0",,"DIRECCION DEL PATRONATO MUNICIPAL DE DEPORTES"
"2 . 9 . 1 . 2","1980-1980","Balances"
"2 . 9 . 1 . 3","1954-2003","Correspondencia"
"2 . 9 . 1 . 4","1976-1992","Estatutos y reglamentos"
"2 . 9 . 1 . 5","1970-2012","Expedientes de campañas y actividades deportivas"
"2 . 9 . 1 . 6","1975-2002","Expedientes de sesiones juntas directivas y consejos rectores"
"2 . 9 . 1 . 7","1974-1998","Informes"
"2 . 9 . 1 . 8","1979-2004","Memorias, programaciones"
"2 . 10 . 0 . 0",,"SERVICIOS"
"2 . 10 . 1 . 0",,"POSITO MUNICIPAL"
"2 . 10 . 1 . 2","1969-1969","Certificaciones"
"2 . 10 . 1 . 5","1971-1972","Correspondencia"
"2 . 10 . 1 . 10","1970-1982","Expedientes de apremio y embargos de bienes"
"2 . 10 . 1 . 11","1971-1971","Expedientes de creacion, supresion o modificacion del posito"
"2 . 10 . 1 . 12","1964-1971","Expedientes contra deudores"
"2 . 10 . 1 . 13","1940-1989","Expedientes de prestamo"
"2 . 10 . 1 . 18","1945-1972","Libros de actas de la junta del posito"
"2 . 10 . 1 . 21","1949-1972","Libros de caja"
"2 . 10 . 1 . 27","1949-1979","Libros de obligaciones a favor del posito"
"2 . 10 . 1 . 28","1971-1971","Libros de partes mensuales y movimientos de fondos"
"2 . 10 . 1 . 32","1972-1972","Memorias anuales"
"2 . 10 . 1 . 33","1955-1955","Reglamentos"
"2 . 10 . 1 . 34","1953-1971","Relacion de deudores"
"2 . 10 . 2 . 0",,"ABASTOS Y MERCADOS"
"2 . 10 . 2 . 1","1928-1988","Actas de inspeccion"
"2 . 10 . 2 . 3","1936-1952","Cartillas de racionamiento"
"2 . 10 . 2 . 4","1936-1943","Censos de racionamiento"
"2 . 10 . 2 . 6","1939-1992","Correspondencia"
"2 . 10 . 2 . 7","1937-1991","Denuncias"
"2 . 10 . 2 . 8","1877-1988","Expedientes de abastos: sancionadores, decomisos"
"2 . 10 . 2 . 9","1919-1987","Expedientes de mercados, ferias, economatos"
"2 . 10 . 2 . 10","1937-1992","Expedientes de ocupacion viaria"
"2 . 10 . 2 . 13","1878-1959","Posturas para la venta de generos"
"2 . 10 . 2 . 14","1974-1974","Registro de pesas y medidas"
"2 . 10 . 2 . 16","1980-1991","Campañas de inspeccion municipal"
"2 . 10 . 2 . 17","1917-1991","Informes"
"2 . 10 . 3 . 0",,"MATADERO"
"2 . 10 . 3 . 1","1924-1924","Actas de entrega"
"2 . 10 . 3 . 3","1961-1986","Correspondencia"
"2 . 10 . 3 . 4","1927-1928","Informes"
"2 . 10 . 3 . 6","1925-1941","Partes"
"2 . 10 . 4 . 0",,"POLICIA MUNICIPAL"
"2 . 10 . 4 . 1","1936-1936","Certificados de moralidad y buena conducta"
"2 . 10 . 4 . 2","1973-1986","Correspondencia"
"2 . 10 . 4 . 4","1941-1997","Informes, memorias"
"2 . 10 . 4 . 7","1973-1979","Partes diarios"
"2 . 10 . 4 . 9","1984-1991","Parque infantil de trafico"
"2 . 10 . 4 . 10","1970-1994","Planes de seguridad y proteccion civil"
"2 . 10 . 5 . 0",,"BOMBEROS"
"2 . 10 . 6 . 0",,"TRAFICO"
"2 . 10 . 6 . 1","1956-1990","Correspondencia"
"2 . 10 . 6 . 2","1970-2006","Denuncias"
"2 . 10 . 6 . 3","1983-1985","Expedientes de captura y precintado de vehiculos"
"2 . 10 . 6 . 4","1959-1988","Expedientes de ordenacion del trafico"
"2 . 10 . 6 . 5","1984-1985","Expedientes de daños en la señalizacion viaria"
"2 . 10 . 6 . 6","1984-1986","Expedientes de ocupaciones viarias"
"2 . 10 . 6 . 7","1979-1999","Expedientes de vehiculos abandonados"
"2 . 10 . 6 . 9","1987-1995","Expedientes de concesion de tarjetas de minusvalidos"
"2 . 10 . 6 . 10","1984-1992","Informes"
"2 . 10 . 6 . 11","2002-2002","Jornadas seminarios congresos programas"
"2 . 10 . 7 . 0",,"TRANSPORTES"
"2 . 10 . 7 . 1","1954-1992","Correspondencia"
"2 . 10 . 7 . 2","1976-1984","Denuncias"
"2 . 10 . 7 . 3","1956-1982","Licencias de taxi"
"2 . 10 . 7 . 4","1981-1981","Informes"
"2 . 10 . 8 . 0",,"EMPRESA MUNICIPAL DE TRANSPORTES"
"2 . 10 . 8 . 1","1983-1992","Actas de la junta universal y consejo de administracion"
"2 . 10 . 8 . 2","1986-1986","Correspondencia"
"2 . 10 . 8 . 4","1981-1981","Expedientes personales"
"2 . 10 . 8 . 5","1983-1999","Informes"
"2 . 10 . 8 . 6","1983-1983","Memorias de actividades"
"2 . 10 . 8 . 7","1986-1996","Expedientes de concesion de servicios"
"2 . 10 . 9 . 0",,"PROTECCION CIVIL"
"2 . 10 . 9 . 1","1960-1990","Actas: junta local, comisiones técnicas"
"2 . 10 . 9 . 2","1959-1969","Correspondencia"
"2 . 10 . 10 . 0",,"EMPLEO"
"2 . 10 . 10 . 1","1985-2004","Actas de reuniones"
"2 . 10 . 10 . 2","1979-2005","Correspondencia"
"2 . 10 . 10 . 3","1993-2007","Documentos tecnicos de trabajo"
"2 . 10 . 10 . 4","1984-2007","Estatutos, nombramientos, reglamentos"
"2 . 10 . 10 . 5","1988-2008","Expedientes de campañas ferias jornadas y proyectos"
"2 . 10 . 10 . 6","1994-2006","Expedientes de compras y autorizaciones de gastos"
"2 . 10 . 10 . 7","1988-2008","Expedientes de formacion y cursos"
"2 . 10 . 10 . 8","1980-2006","Informes estudios y memorias"
"2 . 10 . 10 . 9","1984-2006","Expedientes de solicitud de subvencion"
"2 . 10 . 10 . 10","1988-2008","Expedientes de concesion de subvencion municipal"
"2 . 10 . 11 . 0",,"CENTRO DE EMPRESAS"
"2 . 10 . 11 . 1","1992-2000","Actas de reuniones del centro"
"2 . 10 . 11 . 2","1992-2000","Correspondencia"
"2 . 10 . 11 . 3","1992-2001","Expedientes de empresas"
"2 . 10 . 11 . 4","1993-2002","Informes y memorias"
"2 . 10 . 11 . 5","1992-1999","Pliegos de condiciones y reglamentos"
"2 . 10 . 12 . 0",,"SOGEPIMA (ANTIGUO)"
"2 . 11 . 0 . 0",,"SERVICIOS AGROPECUARIOS"
"2 . 11 . 1 . 0",,"AGRICULTURA"
"2 . 11 . 1 . 1","1918-1938","Actas de las juntas agricolas locales"
"2 . 11 . 1 . 2","1932-1972","Censos agricolas"
"2 . 11 . 1 . 3","1931-1970","Correspondencia"
"2 . 11 . 1 . 4","1920-1969","Expedientes de extincion de plagas"
"2 . 11 . 1 . 5","1919-1963","Expedientes de formacion de juntas agricolas locales"
"2 . 11 . 1 . 6","1925-1925","Denuncias y reclamaciones"
"2 . 11 . 1 . 7","1917-1964","Expedientes de contratacion de jornaleros"
"2 . 11 . 1 . 8","1935-1964","Informes, estadisticas"
"2 . 11 . 1 . 9","1928-1969","Expedientes de cosechas y siegas"
"2 . 11 . 2 . 0",,"GANADERIA"
"2 . 11 . 2 . 1","1912-1985","Censos ganaderos"
"2 . 11 . 2 . 2","1908-1998","Correspondencia"
"2 . 11 . 2 . 3","1939-1983","Expedientes de epidemias y extincion de plagas"
"2 . 11 . 2 . 4","1902-1914","Expedientes para la formacion del censo"
"2 . 11 . 2 . 5","1986-1986","Expedientes de concesion de ayudas"
"2 . 11 . 2 . 6","1916-1943","Expedientes de formacion de juntas ganaderas locales"
"2 . 11 . 2 . 7","1931-1961","Resumenes, estadisticas"
"2 . 11 . 3 . 0",,"FORESTAL"
"2 . 11 . 3 . 1","1942-1986","Correspondencia"
"2 . 11 . 3 . 4","1944-1969","Expedientes de repoblacion, plantaciones"
"2 . 11 . 3 . 5","1956-1992","Informes"
"2 . 11 . 3 . 6","1986-1998","Expedientes de tratamientos contra las plagas"
"2 . 12 . 0 . 0",,"ACCION VECINAL, PARTICIPACION CIUDADANA, CONSEJOS DE BARRIO"
"2 . 12 . 1 . 0",,"PARTICIPACION CIUDADANA"
"2 . 12 . 1 . 1","1981-1981","Actas de asociaciones"
"2 . 12 . 1 . 2","1897-2001","Correspondencia"
"2 . 12 . 1 . 3","1972-2007","Estatutos"
"2 . 12 . 1 . 4","1982-1991","Expedientes de programas, actividades"
"2 . 12 . 1 . 5","1915-1986","Expedientes de reclamaciones"
"2 . 12 . 1 . 6","1980-2005","Memorias de actividades"
"2 . 12 . 1 . 7","1979-1988","Permisos"
"2 . 12 . 1 . 9","1981-1994","Solicitudes"
"2 . 12 . 1 . 10","2000-2003","Nombramientos y sustituciones de cargos"
"2 . 12 . 2 . 0",,"CONSEJOS DE BARRIO"
"2 . 12 . 2 . 1","1980-2002","Actas de reuniones"
"2 . 12 . 2 . 2","1984-1998","Correspondencia"
"2 . 12 . 2 . 3","1981-1991","Expedientes de programas, actividades"
"2 . 12 . 2 . 4","1981-1983","Memorias de actividades"
"2 . 13 . 0 . 0",,"SISTEMAS DE GESTIÓN"
"2 . 13 . 1 . 0",,"ORGANIZACIÓN"
"2 . 13 . 1 . 1","1989-1991","Estudios de organización y métodos, organigramas"
"2 . 13 . 2 . 0",,"CALIDAD Y PLANIFICACIÓN"
"2 . 13 . 2 . 1","1989-2007","Estudios de calidad"
"2 . 13 . 2 . 2","2000-2002","Exptes. de calidad: cartas de compromiso, certificaciones"
"2 . 13 . 2 . 3","1994-2001","Programaciones por objetivos"
"2 . 13 . 2 . 4","1989-2003","Seminarios, jornadas, ponencias, memorias"
"2 . 13 . 3 . 0",,"INVESTIGACION Y EVALUACIÓN"
"2 . 13 . 3 . 1","1988-2007","Estudios y proyectos"
"2 . 13 . 4 . 0",,"DESARROLLO TECNOLÓGICO"
"2 . 13 . 4 . 1","1987-1998","Copias de seguridad"
"2 . 13 . 4 . 2","1987-1987","Informes"
"3 . 0 . 0 . 0",,"HACIENDA"
"3 . 1 . 0 . 0",,"JUNTAS ECONOMICAS MUNICIPALES"
"3 . 1 . 1 . 0",,"JUNTA MUNICIPAL DE ASOCIADOS"
"3 . 1 . 1 . 1","1892-1923","Libros de actas"
"3 . 1 . 2 . 0",,"JUNTA DE PROPIOS"
"3 . 1 . 2 . 1","1894-1938","Libros de actas"
"3 . 1 . 2 . 2","1880-1983","Conciertos de propios y arbitrios"
"3 . 2 . 0 . 0",,"CONTADURIAS"
"3 . 2 . 1 . 0",,"DEPARTAMENTO DE CONTADURIAS"
"3 . 2 . 1 . 2","1901-1901","Cuentas de propios"
"3 . 2 . 1 . 3","1891-1916","Cuentas de propios y arbitrios"
"3 . 2 . 1 . 4","1893-1915","Cuentas de ramos arrendables"
"3 . 3 . 0 . 0",,"INTERVENCION: AYUNTAMIENTO Y PATRONATOS"
"3 . 3 . 1 . 0",,"PRESUPUESTOS"
"3 . 3 . 1 . 1","1946-1999","Borradores"
"3 . 3 . 1 . 2","1945-1972","Cuenta general del patrimonio"
"3 . 3 . 1 . 3","1903-2000","Cuenta general del presupuesto"
"3 . 3 . 1 . 4","1959-1970","Expedientes de aprobacion por hacienda"
"3 . 3 . 1 . 5","1895-2010","Expedientes de facturacion"
"3 . 3 . 1 . 6","1946-1975","Expedientes de liquidacion"
"3 . 3 . 1 . 7","1933-2006","Expedientes de modificacion de creditos"
"3 . 3 . 1 . 8","1892-2004","Expedientes de presupuestos ordinarios"
"3 . 3 . 1 . 9","1952-1983","Expedientes de presupuestos extraordinarios"
"3 . 3 . 1 . 10","1976-1976","Expedientes de presupuestos de inversiones"
"3 . 3 . 1 . 12","1939-1995","Expedientes de solicitudes de prestamos"
"3 . 3 . 1 . 13","1884-2006","Mandamientos de ingreso"
"3 . 3 . 1 . 14","1890-2008","Mandamientos de pago"
"3 . 3 . 1 . 15","1898-1928","Libros diarios de intervencion de gastos"
"3 . 3 . 1 . 16","1893-1945","Libros diarios de intervencion de ingresos"
"3 . 3 . 1 . 19","1884-1884","Libros de inventarios y balances"
"3 . 3 . 1 . 23","1980-1983","Propuestas de gastos"
"3 . 3 . 1 . 24","1955-2004","Expedientes de subvenciones al ayuntamiento y patronatos"
"3 . 3 . 1 . 25","1979-1981","Estadillos, correspondencia, estudios"
"3 . 3 . 2 . 0",,"VALORES INDEPENDIENTES Y AUXILIARES DEL PRESUPUESTO"
"3 . 3 . 2 . 1","1958-1979","Cuentas generales de valores"
"3 . 3 . 2 . 3","1961-1978","Mandamientos de ingreso en valores"
"3 . 3 . 2 . 5","1966-1994","Mandamientos de pago en valores"
"3 . 3 . 3 . 0",,"RESULTAS"
"3 . 3 . 3 . 1","1956-1970","Expedientes de resultas"
"3 . 4 . 0 . 0",,"FINANCIACION Y TRIBUTACION"
"3 . 4 . 1 . 0",,"FINANCIACION"
"3 . 4 . 1 . 1","1905-1993","Actas de la junta pericial"
"3 . 4 . 1 . 3","1890-1936","Apendices de los amillaramientos"
"3 . 4 . 1 . 4","1908-1998","Catastros: fichas, cartografia"
"3 . 4 . 1 . 5","1913-1978","Correspondencia de la junta pericial"
"3 . 4 . 1 . 6","1929-1929","Cuadernos de exacciones"
"3 . 4 . 1 . 7","1907-1985","Declaraciones de altas y bajas"
"3 . 4 . 1 . 9","1898-1979","Listas cobratorias"
"3 . 4 . 1 . 10","1875-1999","Padrones, matriculas, apendices"
"3 . 4 . 1 . 11","1900-1970","Registros fiscales"
"3 . 4 . 1 . 12","1898-1978","Relaciones"
"3 . 4 . 1 . 13","1891-1929","Repartimientos"
"3 . 4 . 2 . 0",,"TASAS"
"3 . 4 . 2 . 1","1983-1983","Expedientes de la tasa de alcantarillado"
"3 . 4 . 2 . 3","1983-1983","Expedientes de la tasa del cementerio"
"3 . 4 . 2 . 4","1957-1989","Expedientes de la tasa de equivalencia"
"3 . 4 . 2 . 6","1980-1980","Expedientes de la tasa por licencias de apertura"
"3 . 4 . 2 . 8","1983-1987","Expedientes de la tasa de maquinas recreativas"
"3 . 4 . 2 . 9","1981-1990","Expedientes de la tasa de ocupacion de la via publica: suelo, subsuelo y vuelo"
"3 . 4 . 2 . 10","1969-1992","Expedientes de la tasa de paso de carruajes"
"3 . 4 . 2 . 14","1979-1982","Expedientes de la tasa por recogida de basuras"
"3 . 4 . 2 . 15","1998-1998","Expedientes de la tasa por retirada de vehiculos"
"3 . 4 . 2 . 18","1972-1972","Expedientes de la tasa por uso privado o aprovechamiento del dominio publico"
"3 . 4 . 2 . 20","1981-1984","Expedientes de bonificacion y exencion de tasas"
"3 . 4 . 2 . 21","1969-1997","Expedientes de recursos de tasas"
"3 . 4 . 2 . 22","1961-1985","Informes"
"3 . 4 . 3 . 0",,"IMPUESTOS"
"3 . 4 . 3 . 1","1908-2010","Expedientes del impuesto de actividades economicas"
"3 . 4 . 3 . 2","1911-1967","Expedientes del aforo"
"3 . 4 . 3 . 3","1987-2010","Expedientes del impuesto de bienes inmuebles"
"3 . 4 . 3 . 5","1905-1955","Expedientes del impuesto de la contribucion territorial rustica"
"3 . 4 . 3 . 6","1916-1980","Expedientes del impuesto de la contribucion territorial urbana"
"3 . 4 . 3 . 7","1977-1994","Expedientes del impuesto de gastos y viviendas suntuarias"
"3 . 4 . 3 . 8","1978-1991","Expedientes del impuesto por la instalacion, construccion y obras"
"3 . 4 . 3 . 9","1978-2012","Expedientes del impuesto de plus valia"
"3 . 4 . 3 . 10","1955-1985","Expedientes del impuesto de publicidad"
"3 . 4 . 3 . 11","1981-1987","Expedientes del impuesto de radicacion"
"3 . 4 . 3 . 12","1979-1989","Expedientes del impuesto de solares"
"3 . 4 . 3 . 13","1928-2011","Expedientes del impuesto de vehiculos de traccion mecanica"
"3 . 4 . 3 . 15","1921-2006","Expedientes de bonificacion y exencion de impuestos"
"3 . 4 . 3 . 16","1979-1989","Expedientes de devolucion de ingresos indebidos"
"3 . 4 . 3 . 17","1947-1996","Expedientes de recursos de impuestos"
"3 . 4 . 3 . 18","1934-1979","Informes"
"3 . 4 . 4 . 0",,"CONTRIBUCIONES ESPECIALES"
"3 . 4 . 4 . 2","1968-1997","Expedientes de contribuciones especiales"
"3 . 4 . 4 . 3","1933-1996","Expedientes de recursos de contribuciones especiales"
"3 . 4 . 4 . 4","1976-1984","Informes"
"3 . 4 . 5 . 0",,"PRECIOS PUBLICOS"
"3 . 4 . 5 . 1","1991-1991","Expedientes de precios publicos"
"3 . 4 . 6 . 0",,"INSPECCION DE RENTAS"
"3 . 4 . 6 . 1","1921-2006","Actas de inspeccion"
"3 . 4 . 6 . 3","1980-2007","Expedientes sancionadores"
"3 . 4 . 6 . 4","1985-1985","Informes"
"3 . 4 . 7 . 0",,"DIRECCION DE RENTAS"
"3 . 5 . 0 . 0",,"TESORERIA"
"3 . 5 . 1 . 0",,"CAJA"
"3 . 5 . 1 . 1","1887-1986","Cuentas de caudales"
"3 . 5 . 1 . 3","1906-1954","Libros de actas de arqueos"
"3 . 5 . 1 . 5","1914-1935","Libros de caja"
"3 . 5 . 1 . 10","1979-1982","Correspondencia"
"3 . 5 . 1 . 11","1985-1995","Expedientes de ingreso y devolución de garantías (avales)"
"3 . 5 . 2 . 0",,"HABILITACION"
"3 . 5 . 2 . 1","1961-1982","Boletines de variaciones de la nomina"
"3 . 5 . 2 . 3","1961-1986","Liquidaciones a la mutualidad"
"3 . 5 . 2 . 4","1939-2005","Liquidaciones de irpf e irpt"
"3 . 5 . 2 . 5","1935-2008","Nominas, complementos de productividad"
"3 . 5 . 2 . 6","1960-1987","Partes de la mutualidad"
"3 . 5 . 3 . 0",,"RECAUDACION (EMARSA)"
"3 . 5 . 3 . 1","1893-1893","Certificaciones"
"3 . 5 . 3 . 2","1960-1960","Correspondencia"
"3 . 5 . 3 . 3","1961-1969","Hojas diarias de recaudacion"
"3 . 5 . 3 . 4","1973-1987","Justificaciones de ingresos"
"3 . 5 . 3 . 8","1951-1975","Listas cobratorias"
"3 . 5 . 3 . 9","1889-1983","Rendiciones de cuentas de recaudacion"
"3 . 5 . 3 . 10","1894-1979","Expedientes de descubiertos y fallidos"
"3 . 5 . 3 . 11","1994-2006","Libro de actas de: junta, consejo de administracion"
"3 . 5 . 4 . 0",,"CUENTAS BANCARIAS"
"3 . 5 . 4 . 1","1974-1984","Justificaciones de cuentas bancarias"
"5 . 0 . 0 . 0",,"JUZGADO"
"5 . 1 . 1 . 0",,"SECRETARIA DEL JUZGADO"
"5 . 1 . 1 . 1","1904-1960","Actas de comparecencia"
"5 . 1 . 1 . 2","1937-1960","Actas de consentimiento paterno"
"5 . 1 . 1 . 3","1850-1943","Actas de defuncion"
"5 . 1 . 1 . 4","1935-1954","Actas de intervencion"
"5 . 1 . 1 . 5","1926-1952","Certificaciones"
"5 . 1 . 1 . 6","1905-1981","Conciliaciones"
"5 . 1 . 1 . 7","1931-1945","Consejos de familia"
"5 . 1 . 1 . 8","1900-1983","Correspondencia"
"5 . 1 . 1 . 9","1940-1940","Expedientes de decomisos"
"5 . 1 . 1 . 10","1905-1960","Denuncias"
"5 . 1 . 1 . 11","1910-1989","Diligencias y notificaciones"
"5 . 1 . 1 . 12","1916-1916","Edictos"
"5 . 1 . 1 . 13","1976-1976","Ejecutorias"
"5 . 1 . 1 . 14","1916-1957","Escrituras de emancipacion"
"5 . 1 . 1 . 15","1908-1960","Exhortos"
"5 . 1 . 1 . 16","1889-1932","Expedientes de informacion posesoria"
"5 . 1 . 1 . 17","1937-1937","Inventarios"
"5 . 1 . 1 . 18","1907-1982","Juicios de faltas: verbales, civiles"
"5 . 1 . 1 . 19","1916-1958","Legalizaciones"
"5 . 1 . 1 . 20","1936-1936","Partes e informes medicos"
"5 . 1 . 1 . 21","1955-1955","Requerimientos judiciales"
"5 . 1 . 1 . 22","1927-1976","Sumarios"
"5 . 1 . 1 . 23","1960-1960","Expedientes de tasacion de costas judiciales"
"5 . 1 . 1 . 24","1951-1951","Expedientes de liquidacion de gastos"
"5 . 1 . 1 . 25","1982-1982","Expedientes de desahucios"
"5 . 1 . 1 . 26","1965-1965","Expedientes de eleccion de cargos"
"5 . 1 . 2 . 0",,"REGISTRO CIVIL"
"5 . 1 . 2 . 2","1927-1946","Libros de registro de nacimientos"
"5 . 1 . 2 . 3","1933-1933","Libros de visitas"
"5 . 1 . 2 . 4","1821-1946","Expedientes matrimoniales"
"7 . 0 . 0 . 0",,"EMVIALSA"
"7 . 1 . 0 . 0",,"ÓRGANOS DE GOBIERNO"
"7 . 1 . 1 . 2","2000-2000","Libros de actas de la junta general"
"7 . 1 . 2 . 0",,"CONSEJO DE ADMINISTRACIÓN"
"7 . 1 . 2 . 1","2001-2006","Libros de actas del consejo de administración"
"7 . 2 . 0 . 0",,"GERENCIA"
"7 . 2 . 1 . 0",,"SECRETARÍA DE LA GERENCIA"
"7 . 2 . 2 . 0",,"PERSONAL"
"7 . 2 . 3 . 0",,"MANTENIMIENTO INTERNO Y SUMINISTROS"
"7 . 2 . 4 . 0",,"DEPARTAMENTO JURÍDICO"
"7 . 2 . 5 . 0",,"DEPARTAMENTO TÉCNICO"
"7 . 2 . 6 . 0",,"DEPARTAMENTO INFORMACIÓN Y RECEPCIÓN"
"7 . 2 . 7 . 0",,"DEPARTAMENTO FINANCIERO"
"7 . 2 . 8 . 0",,"DOCUMENTACIÓN DE APOYO"
"8 . 0 . 0 . 0",,"SOGEPIMA"
"8 . 1 . 0 . 0",,"ORGANOS DE GOBIERNO"
"8 . 1 . 1 . 0",,"JUNTA GENERAL"
"8 . 1 . 1 . 2","1990-1999","Libros de actas de la junta general"
"8 . 1 . 1 . 3","1998-1998","Informes, acuerdos y nombramientos de cargos"
"8 . 1 . 2 . 0",,"CONSEJO DE ADMINISTRACION"
"8 . 1 . 2 . 1","1990-2007","Libros de actas del consejo de administracion"
"8 . 2 . 0 . 0",,"GERENCIA"
"8 . 2 . 1 . 0",,"SECRETARIA DE LA GERENCIA"
"8 . 2 . 2 . 0",,"PERSONAL"
"8 . 2 . 3 . 0",,"MANTENIMIENTO Y SUMINISTROS"
"8 . 2 . 4 . 0",,"GESTION DE SERVICIOS"
"8 . 2 . 4 . 1","1986-1996","Expedientes de arrendamiento"
"8 . 2 . 5 . 0",,"CONTABILIDAD"
"8 . 2 . 5 . 4","1990-1999","Memorias de cuentas"
