﻿Año,Tipo de accidente,Clase de accidente,Número de accidentes
2017,Atropello,Atropello (otros),7
2017,Atropello,Atropello animal,1
2017,Atropello,Atropello a peatón,61
2017,Choque,Choque con árbol,9
2017,Choque,Choque con muro,10
2017,Choque,Choque con obstáculo,25
2017,Choque,Choque con vehículo estacionado,220
2017,Choque,Choque con mobiliario urbano,74
2017,Colisión,Colisión,55
2017,Colisión,Colisión por alcance a ciclista,1
2017,Colisión,Colisión frontal,6
2017,Colisión,Colisión frontolateral,182
2017,Colisión,Colisión frontolateral ciclista,14
2017,Colisión,Colisión lateral,114
2017,Colisión,Colisión por alcance,199
2017,Colisión,Colisión trasero lateral,28
2017,Otros,Caída ciclista,6
2017,Otros,Caida de pasajero,10
2017,Otros,Caída motorista,38
2017,Otros,Obstáculo en vía,2
2017,Otros,Otros,15
2017,Otros,Pérdida freno de mano,9
2017,Otros,Vuelco,3
2017,Salida de vía,Salida de vía,22
2016,Atropello,Atropello animal,1
2016,Atropello,Atropello a peatón,66
2016,Choque,Choque con árbol,6
2016,Choque,Choque con muro,12
2016,Choque,Choque con obstáculo,21
2016,Choque,Choque con vehículo estacionado,217
2016,Choque,Choque con mobiliario urbano,87
2016,Colisión,Colisión por alcance a ciclista,2
2016,Colisión,Colisión frontal,4
2016,Colisión,Colisión frontolateral,187
2016,Colisión,Colisión lateral,118
2016,Colisión,Colisión por alcance,176
2016,Otros,Caída ciclista,8
2016,Otros,Caida de pasajero,8
2016,Otros,Caída motorista,36
2016,Otros,Obstáculo en vía,1
2016,Otros,Otros,12
2016,Otros,Vuelco,2
2016,Salida de vía,Salida de vía,18
2015,Atropello,Atropello animal,1
2015,Atropello,Atropello a peatón,57
2015,Choque,Choque con árbol,11
2015,Choque,Choque con muro,17
2015,Choque,Choque con obstáculo,19
2015,Choque,Choque con vehículo estacionado,208
2015,Choque,Choque con mobiliario urbano,91
2015,Colisión,Colisión por alcance a ciclista,3
2015,Colisión,Colisión frontal,12
2015,Colisión,Colisión frontolateral,181
2015,Colisión,Colisión lateral,89
2015,Colisión,Colisión por alcance,199
2015,Otros,Caída ciclista,2
2015,Otros,Caida de pasajero,12
2015,Otros,Caída motorista,37
2015,Otros,Obstáculo en vía,3
2015,Otros,Otros,27
2015,Otros,Vuelco,1
2015,Salida de vía,Salida de vía,20
2014,Atropello,Atropello animal,4
2014,Atropello,Atropello a peatón,82
2014,Choque,Choque con árbol,6
2014,Choque,Choque con muro,19
2014,Choque,Choque con obstáculo,28
2014,Choque,Choque con vehículo estacionado,218
2014,Choque,Choque con mobiliario urbano,79
2014,Colisión,Colisión por alcance a ciclista,11
2014,Colisión,Colisión frontal,19
2014,Colisión,Colisión frontolateral,172
2014,Colisión,Colisión lateral,110
2014,Colisión,Colisión por alcance,216
2014,Otros,Caída carga vehículo,2
2014,Otros,Caída ciclista,2
2014,Otros,Caida de pasajero,12
2014,Otros,Caída motorista,39
2014,Otros,Control preventivo alcohol/drogas,1
2014,Otros,Obstáculo en vía,3
2014,Otros,Otros,22
2014,Otros,Vuelco,3
2014,Salida de vía,Salida de vía,24
2013,Atropello,Atropello animal,4
2013,Atropello,Atropello a ciclista,11
2013,Atropello,Atropello a peatón,79
2013,Choque,Choque con árbol,9
2013,Choque,Choque con muro,25
2013,Choque,Choque con obstáculo,14
2013,Choque,Choque con vehículo estacionado,190
2013,Choque,Choque con mobiliario urbano,90
2013,Colisión,Colisión frontal,18
2013,Colisión,Colisión frontolateral,129
2013,Colisión,Colisión lateral,120
2013,Colisión,Colisión por alcance,171
2013,Otros,Caída ciclista,2
2013,Otros,Caida de pasajero,10
2013,Otros,Caída motorista,36
2013,Otros,Obstáculo en vía,8
2013,Salida de vía,Salida de vía,18
2012,Atropello,Atropello a peatón,67
2012,Choque,Choque con árbol,13
2012,Choque,Choque con muro,17
2012,Choque,Choque con vehículo estacionado,233
2012,Choque,Choque con mobiliario urbano,115
2012,Colisión,Colisión frontal,17
2012,Colisión,Colisión frontolateral,171
2012,Colisión,Colisión lateral,100
2012,Colisión,Colisión por alcance,227
2012,Otros,Caída motorista,26
2012,Otros,Obstáculo en vía,12
2012,Salida de vía,Salida de vía,19
